,Employee_ID,Customer_ID
0,EMP176,CUST004
1,EMP169,CUST076
2,EMP277,CUST019
3,EMP028,CUST053
4,EMP126,CUST056
5,EMP122,CUST090
6,EMP017,CUST035
7,EMP232,CUST017
8,EMP056,CUST061
9,EMP204,CUST077
10,EMP019,CUST091
11,EMP097,CUST004
12,EMP111,CUST041
13,EMP223,CUST012
14,EMP049,CUST006
15,EMP003,CUST006
16,EMP132,CUST017
17,EMP238,CUST032
18,EMP008,CUST071
19,EMP150,CUST006
20,EMP244,CUST009
21,EMP096,CUST020
22,EMP238,CUST076
23,EMP105,CUST075
24,EMP170,CUST080
25,EMP260,CUST016
26,EMP230,CUST023
27,EMP024,CUST041
28,EMP133,CUST069
29,EMP039,CUST069
30,EMP024,CUST071
31,EMP200,CUST055
32,EMP248,CUST005
33,EMP235,CUST017
34,EMP265,CUST064
35,EMP062,CUST002
36,EMP134,CUST039
37,EMP080,CUST016
38,EMP080,CUST048
39,EMP030,CUST056
40,EMP026,CUST008
41,EMP298,CUST060
42,EMP169,CUST092
43,EMP087,CUST058
44,EMP189,CUST035
45,EMP026,CUST049
46,EMP155,CUST092
47,EMP060,CUST015
48,EMP209,CUST011
49,EMP086,CUST013
50,EMP013,CUST052
51,EMP212,CUST064
52,EMP206,CUST035
53,EMP227,CUST082
54,EMP249,CUST022
55,EMP068,CUST018
56,EMP017,CUST063
57,EMP082,CUST012
58,EMP086,CUST068
59,EMP226,CUST083
60,EMP053,CUST059
61,EMP059,CUST020
62,EMP164,CUST063
63,EMP014,CUST035
64,EMP150,CUST005
65,EMP066,CUST006
66,EMP033,CUST088
67,EMP109,CUST068
68,EMP032,CUST083
69,EMP091,CUST077
70,EMP145,CUST049
71,EMP161,CUST076
72,EMP190,CUST027
73,EMP027,CUST081
74,EMP104,CUST096
75,EMP112,CUST027
76,EMP063,CUST013
77,EMP075,CUST008
78,EMP047,CUST037
79,EMP085,CUST079
80,EMP045,CUST041
81,EMP007,CUST036
82,EMP263,CUST025
83,EMP047,CUST029
84,EMP244,CUST040
85,EMP093,CUST059
86,EMP051,CUST038
87,EMP300,CUST064
88,EMP086,CUST043
89,EMP096,CUST007
90,EMP142,CUST022
91,EMP023,CUST089
92,EMP295,CUST071
93,EMP073,CUST014
94,EMP105,CUST072
95,EMP100,CUST066
96,EMP080,CUST019
97,EMP183,CUST033
98,EMP192,CUST080
99,EMP012,CUST051
100,EMP164,CUST044
101,EMP230,CUST008
102,EMP035,CUST074
103,EMP191,CUST028
104,EMP208,CUST072
105,EMP004,CUST031
106,EMP198,CUST090
107,EMP251,CUST050
108,EMP131,CUST075
109,EMP038,CUST008
110,EMP128,CUST068
111,EMP292,CUST012
112,EMP079,CUST039
113,EMP123,CUST005
114,EMP071,CUST052
115,EMP179,CUST092
116,EMP245,CUST014
117,EMP176,CUST031
118,EMP021,CUST087
119,EMP083,CUST069
120,EMP276,CUST062
121,EMP035,CUST068
122,EMP284,CUST008
123,EMP258,CUST097
124,EMP206,CUST050
125,EMP160,CUST007
126,EMP266,CUST046
127,EMP053,CUST040
128,EMP261,CUST069
129,EMP047,CUST026
130,EMP252,CUST016
131,EMP238,CUST032
132,EMP076,CUST036
133,EMP069,CUST055
134,EMP197,CUST003
135,EMP284,CUST010
136,EMP052,CUST082
137,EMP295,CUST093
138,EMP064,CUST057
139,EMP004,CUST066
140,EMP060,CUST088
141,EMP088,CUST075
142,EMP054,CUST026
143,EMP288,CUST054
144,EMP148,CUST043
145,EMP230,CUST009
146,EMP201,CUST089
147,EMP058,CUST035
148,EMP063,CUST073
149,EMP044,CUST072
150,EMP288,CUST089
151,EMP235,CUST079
152,EMP131,CUST060
153,EMP181,CUST024
154,EMP258,CUST078
155,EMP092,CUST033
156,EMP238,CUST012
157,EMP192,CUST003
158,EMP190,CUST003
159,EMP135,CUST013
160,EMP241,CUST051
161,EMP281,CUST041
162,EMP117,CUST073
163,EMP212,CUST080
164,EMP177,CUST068
165,EMP251,CUST058
166,EMP102,CUST083
167,EMP230,CUST089
168,EMP279,CUST048
169,EMP267,CUST084
170,EMP259,CUST020
171,EMP002,CUST071
172,EMP129,CUST038
173,EMP113,CUST009
174,EMP297,CUST080
175,EMP276,CUST031
176,EMP191,CUST071
177,EMP206,CUST029
178,EMP183,CUST100
179,EMP058,CUST087
180,EMP104,CUST037
181,EMP285,CUST047
182,EMP030,CUST055
183,EMP096,CUST028
184,EMP042,CUST053
185,EMP063,CUST027
186,EMP101,CUST007
187,EMP236,CUST004
188,EMP279,CUST007
189,EMP230,CUST066
190,EMP049,CUST100
191,EMP197,CUST087
192,EMP270,CUST060
193,EMP036,CUST064
194,EMP039,CUST066
195,EMP297,CUST058
196,EMP085,CUST057
197,EMP274,CUST091
198,EMP110,CUST033
199,EMP149,CUST020
200,EMP074,CUST034
201,EMP102,CUST054
202,EMP258,CUST069
203,EMP063,CUST073
204,EMP013,CUST097
205,EMP196,CUST082
206,EMP142,CUST009
207,EMP182,CUST055
208,EMP020,CUST005
209,EMP199,CUST069
210,EMP224,CUST064
211,EMP273,CUST061
212,EMP003,CUST062
213,EMP223,CUST086
214,EMP298,CUST016
215,EMP248,CUST098
216,EMP057,CUST047
217,EMP047,CUST075
218,EMP116,CUST025
219,EMP233,CUST031
220,EMP144,CUST067
221,EMP046,CUST066
222,EMP068,CUST032
223,EMP150,CUST079
224,EMP252,CUST073
225,EMP102,CUST049
226,EMP281,CUST061
227,EMP100,CUST038
228,EMP158,CUST091
229,EMP054,CUST050
230,EMP015,CUST010
231,EMP273,CUST080
232,EMP247,CUST003
233,EMP082,CUST078
234,EMP266,CUST019
235,EMP163,CUST046
236,EMP223,CUST047
237,EMP266,CUST061
238,EMP048,CUST013
239,EMP292,CUST070
240,EMP014,CUST009
241,EMP182,CUST002
242,EMP146,CUST064
243,EMP104,CUST005
244,EMP185,CUST091
245,EMP194,CUST031
246,EMP122,CUST046
247,EMP186,CUST060
248,EMP056,CUST013
249,EMP073,CUST071
250,EMP082,CUST090
251,EMP024,CUST031
252,EMP185,CUST075
253,EMP225,CUST088
254,EMP182,CUST016
255,EMP146,CUST056
256,EMP200,CUST087
257,EMP063,CUST032
258,EMP285,CUST036
259,EMP104,CUST040
260,EMP209,CUST088
261,EMP210,CUST018
262,EMP187,CUST100
263,EMP020,CUST072
264,EMP088,CUST005
265,EMP207,CUST086
266,EMP085,CUST024
267,EMP006,CUST059
268,EMP106,CUST074
269,EMP268,CUST097
270,EMP041,CUST004
271,EMP266,CUST097
272,EMP080,CUST052
273,EMP163,CUST096
274,EMP159,CUST041
275,EMP186,CUST066
276,EMP276,CUST067
277,EMP163,CUST067
278,EMP062,CUST080
279,EMP131,CUST096
280,EMP011,CUST009
281,EMP235,CUST090
282,EMP143,CUST044
283,EMP063,CUST063
284,EMP095,CUST066
285,EMP099,CUST072
286,EMP002,CUST071
287,EMP298,CUST015
288,EMP193,CUST022
289,EMP257,CUST009
290,EMP218,CUST030
291,EMP190,CUST058
292,EMP140,CUST095
293,EMP044,CUST090
294,EMP224,CUST086
295,EMP276,CUST055
296,EMP032,CUST046
297,EMP263,CUST075
298,EMP290,CUST076
299,EMP030,CUST090
300,EMP052,CUST041
301,EMP295,CUST050
302,EMP092,CUST057
303,EMP165,CUST048
304,EMP177,CUST039
305,EMP191,CUST002
306,EMP236,CUST100
307,EMP005,CUST075
308,EMP089,CUST080
309,EMP118,CUST059
310,EMP237,CUST067
311,EMP268,CUST007
312,EMP072,CUST092
313,EMP075,CUST012
314,EMP108,CUST077
315,EMP057,CUST061
316,EMP227,CUST040
317,EMP128,CUST037
318,EMP199,CUST046
319,EMP082,CUST059
320,EMP244,CUST079
321,EMP159,CUST053
322,EMP300,CUST088
323,EMP033,CUST045
324,EMP294,CUST030
325,EMP190,CUST085
326,EMP205,CUST064
327,EMP046,CUST052
328,EMP242,CUST074
329,EMP273,CUST010
330,EMP144,CUST027
331,EMP117,CUST079
332,EMP091,CUST014
333,EMP244,CUST032
334,EMP218,CUST050
335,EMP006,CUST023
336,EMP062,CUST080
337,EMP187,CUST086
338,EMP152,CUST054
339,EMP162,CUST013
340,EMP077,CUST080
341,EMP054,CUST010
342,EMP054,CUST058
343,EMP246,CUST021
344,EMP101,CUST041
345,EMP036,CUST040
346,EMP227,CUST027
347,EMP073,CUST033
348,EMP266,CUST052
349,EMP135,CUST005
350,EMP068,CUST069
351,EMP173,CUST047
352,EMP025,CUST099
353,EMP084,CUST029
354,EMP298,CUST015
355,EMP179,CUST087
356,EMP021,CUST041
357,EMP171,CUST095
358,EMP118,CUST021
359,EMP196,CUST085
360,EMP212,CUST044
361,EMP081,CUST064
362,EMP076,CUST041
363,EMP203,CUST016
364,EMP282,CUST009
365,EMP036,CUST087
366,EMP268,CUST084
367,EMP295,CUST025
368,EMP128,CUST015
369,EMP289,CUST041
370,EMP031,CUST064
371,EMP098,CUST016
372,EMP094,CUST025
373,EMP113,CUST095
374,EMP211,CUST038
375,EMP211,CUST038
376,EMP113,CUST062
377,EMP159,CUST024
378,EMP232,CUST078
379,EMP058,CUST050
380,EMP221,CUST051
381,EMP170,CUST028
382,EMP148,CUST077
383,EMP164,CUST021
384,EMP002,CUST043
385,EMP144,CUST089
386,EMP054,CUST007
387,EMP216,CUST096
388,EMP286,CUST063
389,EMP262,CUST041
390,EMP131,CUST009
391,EMP272,CUST088
392,EMP198,CUST029
393,EMP237,CUST088
394,EMP170,CUST038
395,EMP001,CUST084
396,EMP181,CUST090
397,EMP133,CUST004
398,EMP192,CUST090
399,EMP173,CUST021
400,EMP056,CUST005
401,EMP030,CUST046
402,EMP221,CUST073
403,EMP034,CUST015
404,EMP208,CUST077
405,EMP181,CUST006
406,EMP093,CUST012
407,EMP263,CUST093
408,EMP099,CUST084
409,EMP284,CUST091
410,EMP213,CUST065
411,EMP217,CUST057
412,EMP240,CUST061
413,EMP025,CUST073
414,EMP286,CUST087
415,EMP126,CUST008
416,EMP282,CUST074
417,EMP004,CUST092
418,EMP276,CUST099
419,EMP224,CUST080
420,EMP165,CUST028
421,EMP277,CUST066
422,EMP157,CUST090
423,EMP257,CUST066
424,EMP050,CUST022
425,EMP184,CUST034
426,EMP172,CUST022
427,EMP051,CUST016
428,EMP040,CUST030
429,EMP148,CUST080
430,EMP071,CUST064
431,EMP048,CUST042
432,EMP180,CUST069
433,EMP063,CUST023
434,EMP018,CUST028
435,EMP142,CUST063
436,EMP156,CUST037
437,EMP222,CUST063
438,EMP246,CUST028
439,EMP086,CUST069
440,EMP225,CUST052
441,EMP102,CUST096
442,EMP041,CUST025
443,EMP095,CUST003
444,EMP288,CUST006
445,EMP144,CUST091
446,EMP018,CUST093
447,EMP002,CUST010
448,EMP009,CUST082
449,EMP185,CUST077
450,EMP151,CUST050
451,EMP194,CUST028
452,EMP041,CUST081
453,EMP096,CUST096
454,EMP265,CUST057
455,EMP137,CUST014
456,EMP258,CUST074
457,EMP041,CUST069
458,EMP124,CUST077
459,EMP173,CUST088
460,EMP205,CUST083
461,EMP198,CUST096
462,EMP173,CUST069
463,EMP014,CUST041
464,EMP239,CUST057
465,EMP063,CUST071
466,EMP257,CUST006
467,EMP143,CUST047
468,EMP054,CUST031
469,EMP138,CUST037
470,EMP289,CUST015
471,EMP077,CUST045
472,EMP038,CUST033
473,EMP041,CUST079
474,EMP034,CUST064
475,EMP048,CUST008
476,EMP276,CUST062
477,EMP007,CUST075
478,EMP199,CUST007
479,EMP131,CUST072
480,EMP152,CUST020
481,EMP226,CUST057
482,EMP225,CUST041
483,EMP247,CUST051
484,EMP300,CUST003
485,EMP019,CUST075
486,EMP079,CUST090
487,EMP077,CUST030
488,EMP180,CUST071
489,EMP175,CUST084
490,EMP082,CUST097
491,EMP172,CUST006
492,EMP156,CUST001
493,EMP131,CUST085
494,EMP182,CUST053
495,EMP215,CUST030
496,EMP125,CUST002
497,EMP242,CUST034
498,EMP117,CUST091
499,EMP196,CUST097
500,EMP298,CUST088
501,EMP171,CUST094
502,EMP266,CUST048
503,EMP239,CUST014
504,EMP196,CUST030
505,EMP160,CUST070
506,EMP033,CUST025
507,EMP014,CUST063
508,EMP074,CUST018
509,EMP232,CUST011
510,EMP220,CUST015
511,EMP046,CUST048
512,EMP059,CUST055
513,EMP242,CUST099
514,EMP103,CUST001
515,EMP295,CUST047
516,EMP107,CUST054
517,EMP009,CUST031
518,EMP163,CUST035
519,EMP290,CUST046
520,EMP148,CUST002
521,EMP236,CUST016
522,EMP006,CUST057
523,EMP043,CUST031
524,EMP147,CUST089
525,EMP158,CUST055
526,EMP148,CUST078
527,EMP210,CUST024
528,EMP092,CUST080
529,EMP124,CUST061
530,EMP142,CUST032
531,EMP262,CUST047
532,EMP272,CUST037
533,EMP276,CUST085
534,EMP162,CUST049
535,EMP300,CUST085
536,EMP191,CUST002
537,EMP068,CUST019
538,EMP290,CUST091
539,EMP050,CUST087
540,EMP224,CUST031
541,EMP239,CUST087
542,EMP235,CUST038
543,EMP022,CUST073
544,EMP020,CUST078
545,EMP156,CUST059
546,EMP146,CUST057
547,EMP185,CUST008
548,EMP202,CUST006
549,EMP022,CUST013
550,EMP120,CUST079
551,EMP146,CUST067
552,EMP085,CUST016
553,EMP137,CUST006
554,EMP013,CUST093
555,EMP013,CUST059
556,EMP129,CUST072
557,EMP135,CUST075
558,EMP036,CUST085
559,EMP273,CUST050
560,EMP168,CUST082
561,EMP218,CUST073
562,EMP062,CUST068
563,EMP247,CUST094
564,EMP020,CUST066
565,EMP001,CUST095
566,EMP112,CUST088
567,EMP146,CUST055
568,EMP122,CUST075
569,EMP060,CUST039
570,EMP155,CUST035
571,EMP019,CUST097
572,EMP082,CUST084
573,EMP151,CUST061
574,EMP268,CUST045
575,EMP198,CUST057
576,EMP212,CUST053
577,EMP031,CUST097
578,EMP102,CUST098
579,EMP206,CUST054
580,EMP129,CUST100
581,EMP260,CUST028
582,EMP206,CUST008
583,EMP261,CUST085
584,EMP294,CUST038
585,EMP062,CUST048
586,EMP206,CUST016
587,EMP032,CUST026
588,EMP057,CUST052
589,EMP199,CUST014
590,EMP275,CUST078
591,EMP019,CUST042
592,EMP138,CUST084
593,EMP005,CUST075
594,EMP043,CUST036
595,EMP038,CUST072
596,EMP088,CUST050
597,EMP189,CUST048
598,EMP032,CUST041
599,EMP264,CUST028
600,EMP204,CUST029
601,EMP300,CUST028
602,EMP231,CUST086
603,EMP210,CUST031
604,EMP102,CUST039
605,EMP269,CUST070
606,EMP257,CUST082
607,EMP058,CUST017
608,EMP081,CUST012
609,EMP071,CUST038
610,EMP185,CUST018
611,EMP156,CUST029
612,EMP232,CUST049
613,EMP141,CUST027
614,EMP120,CUST042
615,EMP026,CUST094
616,EMP035,CUST051
617,EMP289,CUST088
618,EMP041,CUST031
619,EMP060,CUST086
620,EMP063,CUST068
621,EMP132,CUST055
622,EMP077,CUST094
623,EMP165,CUST081
624,EMP117,CUST091
625,EMP198,CUST094
626,EMP222,CUST085
627,EMP247,CUST083
628,EMP107,CUST046
629,EMP041,CUST053
630,EMP278,CUST063
631,EMP267,CUST038
632,EMP256,CUST050
633,EMP123,CUST050
634,EMP110,CUST095
635,EMP164,CUST100
636,EMP198,CUST068
637,EMP105,CUST087
638,EMP108,CUST057
639,EMP225,CUST073
640,EMP208,CUST007
641,EMP270,CUST001
642,EMP167,CUST009
643,EMP172,CUST014
644,EMP041,CUST087
645,EMP113,CUST033
646,EMP292,CUST072
647,EMP177,CUST053
648,EMP128,CUST071
649,EMP161,CUST085
650,EMP242,CUST016
651,EMP093,CUST048
652,EMP155,CUST022
653,EMP027,CUST079
654,EMP070,CUST060
655,EMP046,CUST019
656,EMP115,CUST088
657,EMP176,CUST016
658,EMP277,CUST098
659,EMP254,CUST069
660,EMP257,CUST042
661,EMP298,CUST094
662,EMP005,CUST003
663,EMP137,CUST078
664,EMP020,CUST081
665,EMP244,CUST055
666,EMP150,CUST037
667,EMP111,CUST064
668,EMP027,CUST019
669,EMP248,CUST044
670,EMP200,CUST033
671,EMP253,CUST020
672,EMP114,CUST046
673,EMP184,CUST036
674,EMP012,CUST028
675,EMP153,CUST056
676,EMP037,CUST022
677,EMP272,CUST016
678,EMP198,CUST060
679,EMP035,CUST051
680,EMP085,CUST088
681,EMP002,CUST062
682,EMP046,CUST062
683,EMP166,CUST093
684,EMP124,CUST045
685,EMP129,CUST060
686,EMP061,CUST071
687,EMP051,CUST036
688,EMP145,CUST029
689,EMP222,CUST087
690,EMP042,CUST056
691,EMP050,CUST096
692,EMP107,CUST011
693,EMP285,CUST027
694,EMP144,CUST021
695,EMP287,CUST088
696,EMP009,CUST003
697,EMP137,CUST017
698,EMP253,CUST012
699,EMP086,CUST033
700,EMP232,CUST006
701,EMP187,CUST071
702,EMP186,CUST078
703,EMP295,CUST029
704,EMP029,CUST026
705,EMP211,CUST026
706,EMP210,CUST055
707,EMP239,CUST059
708,EMP227,CUST096
709,EMP096,CUST015
710,EMP157,CUST028
711,EMP041,CUST013
712,EMP131,CUST034
713,EMP079,CUST037
714,EMP082,CUST086
715,EMP056,CUST014
716,EMP276,CUST001
717,EMP273,CUST084
718,EMP297,CUST058
719,EMP096,CUST010
720,EMP185,CUST015
721,EMP114,CUST093
722,EMP101,CUST076
723,EMP254,CUST075
724,EMP140,CUST024
725,EMP045,CUST091
726,EMP296,CUST064
727,EMP055,CUST008
728,EMP175,CUST001
729,EMP029,CUST015
730,EMP030,CUST047
731,EMP089,CUST063
732,EMP057,CUST003
733,EMP144,CUST086
734,EMP168,CUST054
735,EMP256,CUST084
736,EMP151,CUST023
737,EMP243,CUST088
738,EMP007,CUST033
739,EMP048,CUST056
740,EMP228,CUST065
741,EMP064,CUST022
742,EMP234,CUST058
743,EMP011,CUST002
744,EMP241,CUST003
745,EMP207,CUST027
746,EMP074,CUST002
747,EMP178,CUST055
748,EMP002,CUST016
749,EMP158,CUST033
750,EMP117,CUST028
751,EMP147,CUST083
752,EMP094,CUST040
753,EMP255,CUST042
754,EMP277,CUST033
755,EMP255,CUST046
756,EMP100,CUST012
757,EMP253,CUST044
758,EMP016,CUST004
759,EMP163,CUST090
760,EMP078,CUST074
761,EMP260,CUST077
762,EMP165,CUST022
763,EMP248,CUST078
764,EMP152,CUST094
765,EMP033,CUST092
766,EMP010,CUST090
767,EMP008,CUST074
768,EMP290,CUST039
769,EMP150,CUST100
770,EMP132,CUST028
771,EMP048,CUST099
772,EMP286,CUST084
773,EMP158,CUST041
774,EMP266,CUST049
775,EMP006,CUST056
776,EMP293,CUST039
777,EMP067,CUST054
778,EMP139,CUST070
779,EMP091,CUST094
780,EMP217,CUST036
781,EMP127,CUST047
782,EMP280,CUST087
783,EMP073,CUST003
784,EMP094,CUST064
785,EMP157,CUST039
786,EMP288,CUST079
787,EMP119,CUST045
788,EMP132,CUST032
789,EMP274,CUST057
790,EMP260,CUST019
791,EMP041,CUST024
792,EMP149,CUST001
793,EMP102,CUST054
794,EMP073,CUST042
795,EMP038,CUST093
796,EMP023,CUST017
797,EMP195,CUST024
798,EMP134,CUST070
799,EMP157,CUST018
800,EMP247,CUST048
801,EMP097,CUST093
802,EMP272,CUST040
803,EMP145,CUST073
804,EMP138,CUST071
805,EMP136,CUST030
806,EMP085,CUST097
807,EMP298,CUST070
808,EMP019,CUST020
809,EMP009,CUST013
810,EMP242,CUST040
811,EMP058,CUST100
812,EMP123,CUST091
813,EMP187,CUST073
814,EMP063,CUST030
815,EMP031,CUST019
816,EMP118,CUST036
817,EMP205,CUST096
818,EMP121,CUST010
819,EMP093,CUST062
820,EMP259,CUST047
821,EMP252,CUST068
822,EMP251,CUST064
823,EMP088,CUST013
824,EMP158,CUST078
825,EMP079,CUST062
826,EMP179,CUST001
827,EMP257,CUST081
828,EMP050,CUST097
829,EMP184,CUST001
830,EMP114,CUST034
831,EMP184,CUST041
832,EMP020,CUST028
833,EMP025,CUST064
834,EMP245,CUST099
835,EMP107,CUST005
836,EMP062,CUST074
837,EMP229,CUST055
838,EMP187,CUST096
839,EMP028,CUST093
840,EMP093,CUST079
841,EMP260,CUST065
842,EMP284,CUST021
843,EMP233,CUST077
844,EMP142,CUST013
845,EMP100,CUST090
846,EMP081,CUST023
847,EMP045,CUST085
848,EMP047,CUST091
849,EMP111,CUST033
850,EMP011,CUST027
851,EMP035,CUST043
852,EMP083,CUST079
853,EMP046,CUST078
854,EMP164,CUST063
855,EMP299,CUST020
856,EMP165,CUST003
857,EMP059,CUST062
858,EMP216,CUST008
859,EMP229,CUST083
860,EMP127,CUST073
861,EMP180,CUST019
862,EMP096,CUST078
863,EMP246,CUST099
864,EMP100,CUST089
865,EMP172,CUST012
866,EMP082,CUST057
867,EMP108,CUST099
868,EMP129,CUST031
869,EMP078,CUST069
870,EMP122,CUST013
871,EMP194,CUST001
872,EMP220,CUST036
873,EMP285,CUST078
874,EMP244,CUST043
875,EMP074,CUST078
876,EMP060,CUST059
877,EMP028,CUST040
878,EMP122,CUST092
879,EMP075,CUST016
880,EMP176,CUST059
881,EMP063,CUST041
882,EMP068,CUST039
883,EMP254,CUST027
884,EMP159,CUST092
885,EMP021,CUST087
886,EMP012,CUST058
887,EMP078,CUST014
888,EMP129,CUST011
889,EMP297,CUST026
890,EMP251,CUST025
891,EMP300,CUST057
892,EMP248,CUST001
893,EMP105,CUST092
894,EMP105,CUST036
895,EMP092,CUST090
896,EMP294,CUST031
897,EMP271,CUST064
898,EMP248,CUST034
899,EMP256,CUST098
900,EMP174,CUST077
901,EMP055,CUST086
902,EMP236,CUST080
903,EMP298,CUST047
904,EMP066,CUST029
905,EMP129,CUST013
906,EMP141,CUST003
907,EMP168,CUST019
908,EMP093,CUST085
909,EMP054,CUST075
910,EMP280,CUST015
911,EMP261,CUST079
912,EMP270,CUST047
913,EMP091,CUST088
914,EMP221,CUST048
915,EMP054,CUST006
916,EMP005,CUST048
917,EMP058,CUST045
918,EMP104,CUST038
919,EMP287,CUST035
920,EMP092,CUST072
921,EMP015,CUST091
922,EMP095,CUST091
923,EMP163,CUST061
924,EMP171,CUST054
925,EMP128,CUST079
926,EMP119,CUST021
927,EMP200,CUST005
928,EMP049,CUST090
929,EMP066,CUST068
930,EMP175,CUST062
931,EMP254,CUST032
932,EMP012,CUST076
933,EMP078,CUST024
934,EMP293,CUST038
935,EMP182,CUST054
936,EMP206,CUST058
937,EMP070,CUST022
938,EMP082,CUST049
939,EMP050,CUST081
940,EMP172,CUST054
941,EMP225,CUST086
942,EMP061,CUST045
943,EMP217,CUST042
944,EMP220,CUST099
945,EMP055,CUST011
946,EMP056,CUST013
947,EMP280,CUST052
948,EMP257,CUST019
949,EMP214,CUST097
950,EMP030,CUST003
951,EMP077,CUST044
952,EMP171,CUST093
953,EMP158,CUST070
954,EMP270,CUST084
955,EMP031,CUST001
956,EMP294,CUST066
957,EMP040,CUST031
958,EMP095,CUST072
959,EMP192,CUST096
960,EMP253,CUST056
961,EMP007,CUST067
962,EMP076,CUST092
963,EMP089,CUST062
964,EMP068,CUST085
965,EMP108,CUST026
966,EMP243,CUST098
967,EMP162,CUST086
968,EMP150,CUST075
969,EMP074,CUST036
970,EMP063,CUST100
971,EMP016,CUST004
972,EMP048,CUST096
973,EMP176,CUST067
974,EMP040,CUST063
975,EMP175,CUST043
976,EMP028,CUST077
977,EMP137,CUST031
978,EMP260,CUST085
979,EMP001,CUST088
980,EMP163,CUST083
981,EMP111,CUST051
982,EMP125,CUST032
983,EMP256,CUST058
984,EMP088,CUST090
985,EMP214,CUST085
986,EMP023,CUST073
987,EMP064,CUST087
988,EMP227,CUST066
989,EMP299,CUST002
990,EMP215,CUST045
991,EMP294,CUST090
992,EMP205,CUST061
993,EMP043,CUST013
994,EMP016,CUST016
995,EMP215,CUST037
996,EMP079,CUST087
997,EMP297,CUST027
998,EMP208,CUST001
999,EMP162,CUST051
1000,EMP149,CUST025
1001,EMP202,CUST053
1002,EMP076,CUST032
1003,EMP066,CUST009
1004,EMP222,CUST008
1005,EMP114,CUST019
1006,EMP269,CUST046
1007,EMP117,CUST085
1008,EMP045,CUST065
1009,EMP252,CUST041
1010,EMP101,CUST037
1011,EMP244,CUST037
1012,EMP076,CUST034
1013,EMP153,CUST031
1014,EMP243,CUST086
1015,EMP219,CUST043
1016,EMP207,CUST027
1017,EMP005,CUST092
1018,EMP251,CUST044
1019,EMP204,CUST004
1020,EMP148,CUST094
1021,EMP218,CUST054
1022,EMP199,CUST007
1023,EMP012,CUST048
1024,EMP097,CUST078
1025,EMP217,CUST037
1026,EMP060,CUST046
1027,EMP119,CUST068
1028,EMP064,CUST066
1029,EMP068,CUST096
1030,EMP185,CUST050
1031,EMP034,CUST019
1032,EMP239,CUST091
1033,EMP034,CUST036
1034,EMP049,CUST008
1035,EMP119,CUST013
1036,EMP216,CUST001
1037,EMP273,CUST089
1038,EMP227,CUST015
1039,EMP289,CUST098
1040,EMP163,CUST067
1041,EMP164,CUST002
1042,EMP290,CUST099
1043,EMP138,CUST028
1044,EMP006,CUST075
1045,EMP173,CUST040
1046,EMP004,CUST017
1047,EMP037,CUST039
1048,EMP171,CUST055
1049,EMP205,CUST085
1050,EMP251,CUST044
1051,EMP273,CUST092
1052,EMP162,CUST048
1053,EMP232,CUST068
1054,EMP102,CUST011
1055,EMP133,CUST072
1056,EMP281,CUST011
1057,EMP023,CUST010
1058,EMP180,CUST093
1059,EMP184,CUST012
1060,EMP002,CUST080
1061,EMP268,CUST100
1062,EMP273,CUST048
1063,EMP056,CUST065
1064,EMP044,CUST042
1065,EMP184,CUST022
1066,EMP162,CUST075
1067,EMP106,CUST065
1068,EMP142,CUST059
1069,EMP041,CUST089
1070,EMP170,CUST010
1071,EMP191,CUST010
1072,EMP158,CUST034
1073,EMP074,CUST044
1074,EMP122,CUST011
1075,EMP017,CUST098
1076,EMP066,CUST073
1077,EMP046,CUST035
1078,EMP053,CUST098
1079,EMP042,CUST084
1080,EMP250,CUST097
1081,EMP279,CUST023
1082,EMP107,CUST064
1083,EMP040,CUST045
1084,EMP105,CUST082
1085,EMP297,CUST064
1086,EMP270,CUST031
1087,EMP132,CUST079
1088,EMP039,CUST041
1089,EMP263,CUST035
1090,EMP091,CUST012
1091,EMP115,CUST038
1092,EMP281,CUST012
1093,EMP258,CUST018
1094,EMP218,CUST029
1095,EMP299,CUST061
1096,EMP188,CUST077
1097,EMP287,CUST005
1098,EMP284,CUST021
1099,EMP260,CUST014
1100,EMP272,CUST070
1101,EMP142,CUST094
1102,EMP128,CUST095
1103,EMP145,CUST045
1104,EMP007,CUST039
1105,EMP276,CUST077
1106,EMP019,CUST019
1107,EMP014,CUST072
1108,EMP167,CUST053
1109,EMP115,CUST094
1110,EMP192,CUST099
1111,EMP096,CUST001
1112,EMP169,CUST052
1113,EMP186,CUST019
1114,EMP258,CUST034
1115,EMP269,CUST037
1116,EMP186,CUST053
1117,EMP032,CUST094
1118,EMP031,CUST012
1119,EMP012,CUST002
1120,EMP111,CUST031
1121,EMP138,CUST040
1122,EMP238,CUST081
1123,EMP162,CUST062
1124,EMP276,CUST069
1125,EMP149,CUST089
1126,EMP280,CUST071
1127,EMP241,CUST010
1128,EMP183,CUST004
1129,EMP208,CUST030
1130,EMP142,CUST037
1131,EMP166,CUST064
1132,EMP243,CUST030
1133,EMP178,CUST001
1134,EMP184,CUST016
1135,EMP064,CUST051
1136,EMP027,CUST010
1137,EMP113,CUST079
1138,EMP224,CUST068
1139,EMP160,CUST002
1140,EMP119,CUST025
1141,EMP124,CUST058
1142,EMP028,CUST087
1143,EMP104,CUST081
1144,EMP292,CUST038
1145,EMP173,CUST051
1146,EMP154,CUST083
1147,EMP209,CUST004
1148,EMP150,CUST044
1149,EMP237,CUST078
1150,EMP161,CUST007
1151,EMP295,CUST061
1152,EMP180,CUST099
1153,EMP237,CUST044
1154,EMP287,CUST047
1155,EMP173,CUST047
1156,EMP109,CUST049
1157,EMP241,CUST095
1158,EMP231,CUST076
1159,EMP105,CUST065
1160,EMP015,CUST063
1161,EMP157,CUST090
1162,EMP003,CUST085
1163,EMP107,CUST068
1164,EMP091,CUST039
1165,EMP164,CUST073
1166,EMP141,CUST038
1167,EMP142,CUST059
1168,EMP275,CUST023
1169,EMP170,CUST006
1170,EMP283,CUST087
1171,EMP081,CUST085
1172,EMP165,CUST024
1173,EMP158,CUST012
1174,EMP073,CUST021
1175,EMP081,CUST032
1176,EMP294,CUST036
1177,EMP024,CUST067
1178,EMP160,CUST028
1179,EMP189,CUST095
1180,EMP271,CUST024
1181,EMP093,CUST025
1182,EMP085,CUST081
1183,EMP039,CUST045
1184,EMP231,CUST011
1185,EMP071,CUST052
1186,EMP099,CUST041
1187,EMP254,CUST080
1188,EMP079,CUST074
1189,EMP127,CUST098
1190,EMP263,CUST049
1191,EMP260,CUST033
1192,EMP186,CUST064
1193,EMP123,CUST047
1194,EMP285,CUST039
1195,EMP089,CUST013
1196,EMP030,CUST011
1197,EMP153,CUST033
1198,EMP087,CUST082
1199,EMP289,CUST100
1200,EMP251,CUST005
1201,EMP117,CUST094
1202,EMP283,CUST024
1203,EMP121,CUST093
1204,EMP106,CUST070
1205,EMP300,CUST027
1206,EMP261,CUST100
1207,EMP123,CUST018
1208,EMP060,CUST009
1209,EMP292,CUST024
1210,EMP225,CUST074
1211,EMP110,CUST064
1212,EMP245,CUST085
1213,EMP036,CUST006
1214,EMP109,CUST006
1215,EMP078,CUST009
1216,EMP003,CUST015
1217,EMP169,CUST018
1218,EMP294,CUST040
1219,EMP040,CUST011
1220,EMP036,CUST062
1221,EMP212,CUST076
1222,EMP020,CUST011
1223,EMP236,CUST076
1224,EMP054,CUST026
1225,EMP008,CUST081
1226,EMP297,CUST019
1227,EMP165,CUST020
1228,EMP196,CUST021
1229,EMP294,CUST029
1230,EMP255,CUST018
1231,EMP178,CUST050
1232,EMP038,CUST077
1233,EMP022,CUST005
1234,EMP187,CUST085
1235,EMP102,CUST071
1236,EMP154,CUST024
1237,EMP119,CUST041
1238,EMP185,CUST059
1239,EMP243,CUST093
1240,EMP231,CUST035
1241,EMP033,CUST041
1242,EMP204,CUST083
1243,EMP197,CUST100
1244,EMP296,CUST081
1245,EMP117,CUST024
1246,EMP011,CUST066
1247,EMP149,CUST096
1248,EMP129,CUST092
1249,EMP182,CUST056
1250,EMP176,CUST091
1251,EMP049,CUST083
1252,EMP237,CUST014
1253,EMP114,CUST003
1254,EMP121,CUST081
1255,EMP170,CUST085
1256,EMP194,CUST035
1257,EMP186,CUST081
1258,EMP114,CUST047
1259,EMP241,CUST092
1260,EMP074,CUST011
1261,EMP257,CUST026
1262,EMP133,CUST086
1263,EMP289,CUST031
1264,EMP219,CUST008
1265,EMP150,CUST087
1266,EMP149,CUST075
1267,EMP272,CUST061
1268,EMP289,CUST077
1269,EMP065,CUST068
1270,EMP291,CUST044
1271,EMP296,CUST085
1272,EMP113,CUST013
1273,EMP023,CUST034
1274,EMP273,CUST041
1275,EMP247,CUST086
1276,EMP213,CUST065
1277,EMP118,CUST087
1278,EMP261,CUST087
1279,EMP235,CUST087
1280,EMP089,CUST033
1281,EMP183,CUST062
1282,EMP266,CUST100
1283,EMP163,CUST006
1284,EMP075,CUST087
1285,EMP115,CUST084
1286,EMP248,CUST010
1287,EMP135,CUST094
1288,EMP132,CUST085
1289,EMP115,CUST010
1290,EMP053,CUST075
1291,EMP157,CUST008
1292,EMP200,CUST096
1293,EMP001,CUST067
1294,EMP142,CUST051
1295,EMP084,CUST087
1296,EMP053,CUST095
1297,EMP118,CUST019
1298,EMP236,CUST025
1299,EMP279,CUST049
1300,EMP078,CUST041
1301,EMP084,CUST012
1302,EMP294,CUST099
1303,EMP100,CUST028
1304,EMP051,CUST049
1305,EMP051,CUST088
1306,EMP140,CUST071
1307,EMP064,CUST024
1308,EMP249,CUST019
1309,EMP018,CUST054
1310,EMP077,CUST044
1311,EMP120,CUST001
1312,EMP187,CUST067
1313,EMP240,CUST013
1314,EMP029,CUST048
1315,EMP010,CUST031
1316,EMP300,CUST071
1317,EMP102,CUST089
1318,EMP220,CUST034
1319,EMP087,CUST090
1320,EMP226,CUST011
1321,EMP240,CUST075
1322,EMP120,CUST036
1323,EMP177,CUST014
1324,EMP119,CUST100
1325,EMP279,CUST068
1326,EMP183,CUST098
1327,EMP033,CUST035
1328,EMP229,CUST050
1329,EMP079,CUST062
1330,EMP069,CUST072
1331,EMP181,CUST080
1332,EMP221,CUST016
1333,EMP215,CUST066
1334,EMP188,CUST020
1335,EMP127,CUST060
1336,EMP108,CUST087
1337,EMP249,CUST001
1338,EMP020,CUST054
1339,EMP092,CUST048
1340,EMP290,CUST030
1341,EMP174,CUST024
1342,EMP300,CUST073
1343,EMP025,CUST046
1344,EMP197,CUST051
1345,EMP087,CUST058
1346,EMP081,CUST100
1347,EMP237,CUST074
1348,EMP191,CUST057
1349,EMP119,CUST094
1350,EMP129,CUST009
1351,EMP116,CUST089
1352,EMP145,CUST086
1353,EMP141,CUST029
1354,EMP236,CUST039
1355,EMP018,CUST069
1356,EMP278,CUST048
1357,EMP145,CUST083
1358,EMP089,CUST062
1359,EMP272,CUST085
1360,EMP178,CUST053
1361,EMP001,CUST054
1362,EMP093,CUST013
1363,EMP239,CUST058
1364,EMP233,CUST021
1365,EMP032,CUST099
1366,EMP152,CUST067
1367,EMP081,CUST062
1368,EMP299,CUST056
1369,EMP060,CUST013
1370,EMP032,CUST079
1371,EMP163,CUST056
1372,EMP065,CUST048
1373,EMP238,CUST089
1374,EMP033,CUST070
1375,EMP177,CUST037
1376,EMP174,CUST048
1377,EMP143,CUST019
1378,EMP299,CUST062
1379,EMP067,CUST022
1380,EMP300,CUST080
1381,EMP023,CUST003
1382,EMP229,CUST042
1383,EMP248,CUST044
1384,EMP245,CUST067
1385,EMP135,CUST022
1386,EMP287,CUST051
1387,EMP169,CUST077
1388,EMP020,CUST061
1389,EMP112,CUST031
1390,EMP152,CUST020
1391,EMP087,CUST033
1392,EMP222,CUST086
1393,EMP286,CUST072
1394,EMP110,CUST077
1395,EMP061,CUST013
1396,EMP224,CUST080
1397,EMP050,CUST065
1398,EMP088,CUST038
1399,EMP213,CUST026
1400,EMP172,CUST086
1401,EMP021,CUST099
1402,EMP073,CUST061
1403,EMP206,CUST080
1404,EMP094,CUST042
1405,EMP198,CUST082
1406,EMP225,CUST002
1407,EMP228,CUST047
1408,EMP135,CUST004
1409,EMP004,CUST007
1410,EMP187,CUST051
1411,EMP202,CUST016
1412,EMP300,CUST011
1413,EMP203,CUST076
1414,EMP091,CUST072
1415,EMP130,CUST026
1416,EMP014,CUST004
1417,EMP175,CUST070
1418,EMP011,CUST061
1419,EMP079,CUST048
1420,EMP207,CUST005
1421,EMP069,CUST010
1422,EMP242,CUST087
1423,EMP269,CUST092
1424,EMP021,CUST036
1425,EMP127,CUST019
1426,EMP176,CUST004
1427,EMP180,CUST076
1428,EMP231,CUST047
1429,EMP225,CUST025
1430,EMP142,CUST035
1431,EMP028,CUST099
1432,EMP118,CUST068
1433,EMP133,CUST026
1434,EMP145,CUST089
1435,EMP257,CUST014
1436,EMP242,CUST025
1437,EMP087,CUST046
1438,EMP229,CUST048
1439,EMP172,CUST082
1440,EMP245,CUST001
1441,EMP241,CUST002
1442,EMP168,CUST050
1443,EMP178,CUST050
1444,EMP129,CUST012
1445,EMP015,CUST073
1446,EMP117,CUST062
1447,EMP029,CUST084
1448,EMP012,CUST013
1449,EMP057,CUST094
1450,EMP038,CUST021
1451,EMP008,CUST086
1452,EMP089,CUST078
1453,EMP113,CUST068
1454,EMP161,CUST090
1455,EMP060,CUST014
1456,EMP273,CUST052
1457,EMP006,CUST066
1458,EMP173,CUST084
1459,EMP127,CUST014
1460,EMP247,CUST092
1461,EMP014,CUST064
1462,EMP256,CUST096
1463,EMP297,CUST072
1464,EMP187,CUST032
1465,EMP103,CUST010
1466,EMP076,CUST098
1467,EMP169,CUST008
1468,EMP211,CUST091
1469,EMP179,CUST021
1470,EMP195,CUST081
1471,EMP139,CUST041
1472,EMP244,CUST039
1473,EMP288,CUST056
1474,EMP039,CUST096
1475,EMP057,CUST057
1476,EMP079,CUST019
1477,EMP288,CUST072
1478,EMP255,CUST084
1479,EMP298,CUST033
1480,EMP287,CUST020
1481,EMP238,CUST005
1482,EMP044,CUST071
1483,EMP037,CUST066
1484,EMP281,CUST073
1485,EMP202,CUST074
1486,EMP005,CUST014
1487,EMP195,CUST079
1488,EMP285,CUST078
1489,EMP085,CUST041
1490,EMP135,CUST074
1491,EMP198,CUST067
1492,EMP016,CUST016
1493,EMP035,CUST023
1494,EMP132,CUST070
1495,EMP178,CUST031
1496,EMP046,CUST031
1497,EMP237,CUST092
1498,EMP109,CUST063
1499,EMP105,CUST034
1500,EMP068,CUST061
1501,EMP204,CUST007
1502,EMP047,CUST009
1503,EMP154,CUST099
1504,EMP274,CUST084
1505,EMP275,CUST082
1506,EMP140,CUST094
1507,EMP221,CUST054
1508,EMP294,CUST028
1509,EMP294,CUST099
1510,EMP118,CUST033
1511,EMP213,CUST008
1512,EMP154,CUST021
1513,EMP175,CUST068
1514,EMP168,CUST064
1515,EMP258,CUST073
1516,EMP145,CUST037
1517,EMP054,CUST017
1518,EMP186,CUST006
1519,EMP137,CUST047
1520,EMP087,CUST079
1521,EMP122,CUST023
1522,EMP165,CUST062
1523,EMP055,CUST033
1524,EMP212,CUST070
1525,EMP086,CUST092
1526,EMP255,CUST098
1527,EMP164,CUST059
1528,EMP060,CUST089
1529,EMP230,CUST003
1530,EMP063,CUST086
1531,EMP069,CUST016
1532,EMP048,CUST075
1533,EMP073,CUST013
1534,EMP175,CUST077
1535,EMP124,CUST057
1536,EMP061,CUST067
1537,EMP119,CUST026
1538,EMP242,CUST075
1539,EMP059,CUST087
1540,EMP149,CUST085
1541,EMP297,CUST018
1542,EMP085,CUST059
1543,EMP136,CUST020
1544,EMP232,CUST074
1545,EMP284,CUST078
1546,EMP248,CUST089
1547,EMP017,CUST009
1548,EMP287,CUST019
1549,EMP168,CUST088
1550,EMP130,CUST057
1551,EMP174,CUST068
1552,EMP255,CUST032
1553,EMP273,CUST027
1554,EMP162,CUST064
1555,EMP109,CUST034
1556,EMP206,CUST027
1557,EMP210,CUST012
1558,EMP292,CUST008
1559,EMP163,CUST044
1560,EMP115,CUST096
1561,EMP161,CUST022
1562,EMP292,CUST083
1563,EMP015,CUST058
1564,EMP167,CUST002
1565,EMP290,CUST030
1566,EMP130,CUST085
1567,EMP244,CUST007
1568,EMP016,CUST034
1569,EMP040,CUST098
1570,EMP278,CUST023
1571,EMP024,CUST018
1572,EMP145,CUST071
1573,EMP223,CUST020
1574,EMP229,CUST034
1575,EMP289,CUST061
1576,EMP273,CUST054
1577,EMP167,CUST063
1578,EMP266,CUST071
1579,EMP233,CUST095
1580,EMP270,CUST037
1581,EMP297,CUST013
1582,EMP033,CUST037
1583,EMP259,CUST015
1584,EMP062,CUST021
1585,EMP259,CUST011
1586,EMP173,CUST055
1587,EMP228,CUST013
1588,EMP299,CUST008
1589,EMP061,CUST008
1590,EMP227,CUST047
1591,EMP003,CUST092
1592,EMP220,CUST008
1593,EMP031,CUST059
1594,EMP254,CUST016
1595,EMP023,CUST022
1596,EMP210,CUST007
1597,EMP281,CUST008
1598,EMP066,CUST059
1599,EMP097,CUST033
1600,EMP085,CUST008
1601,EMP124,CUST013
1602,EMP158,CUST045
1603,EMP227,CUST048
1604,EMP024,CUST096
1605,EMP161,CUST047
1606,EMP172,CUST077
1607,EMP242,CUST085
1608,EMP104,CUST073
1609,EMP192,CUST003
1610,EMP244,CUST086
1611,EMP216,CUST052
1612,EMP061,CUST095
1613,EMP207,CUST060
1614,EMP006,CUST001
1615,EMP276,CUST037
1616,EMP122,CUST019
1617,EMP019,CUST088
1618,EMP003,CUST087
1619,EMP191,CUST077
1620,EMP252,CUST011
1621,EMP103,CUST003
1622,EMP143,CUST094
1623,EMP022,CUST041
1624,EMP278,CUST033
1625,EMP205,CUST057
1626,EMP147,CUST096
1627,EMP028,CUST057
1628,EMP233,CUST049
1629,EMP175,CUST007
1630,EMP290,CUST036
1631,EMP242,CUST072
1632,EMP156,CUST055
1633,EMP138,CUST048
1634,EMP206,CUST090
1635,EMP202,CUST025
1636,EMP104,CUST088
1637,EMP292,CUST059
1638,EMP258,CUST019
1639,EMP184,CUST011
1640,EMP036,CUST014
1641,EMP290,CUST021
1642,EMP247,CUST048
1643,EMP110,CUST042
1644,EMP143,CUST023
1645,EMP294,CUST054
1646,EMP116,CUST038
1647,EMP045,CUST010
1648,EMP264,CUST034
1649,EMP167,CUST016
1650,EMP118,CUST004
1651,EMP080,CUST057
1652,EMP123,CUST032
1653,EMP106,CUST087
1654,EMP044,CUST091
1655,EMP295,CUST007
1656,EMP197,CUST001
1657,EMP009,CUST001
1658,EMP203,CUST099
1659,EMP088,CUST067
1660,EMP050,CUST096
1661,EMP198,CUST047
1662,EMP299,CUST085
1663,EMP131,CUST082
1664,EMP243,CUST005
1665,EMP075,CUST072
1666,EMP192,CUST034
1667,EMP052,CUST060
1668,EMP223,CUST054
1669,EMP284,CUST010
1670,EMP025,CUST048
1671,EMP033,CUST076
1672,EMP287,CUST026
1673,EMP198,CUST054
1674,EMP126,CUST095
1675,EMP126,CUST021
1676,EMP237,CUST095
1677,EMP222,CUST058
1678,EMP178,CUST075
1679,EMP183,CUST048
1680,EMP016,CUST057
1681,EMP120,CUST037
1682,EMP031,CUST016
1683,EMP253,CUST053
1684,EMP222,CUST051
1685,EMP047,CUST009
1686,EMP183,CUST054
1687,EMP022,CUST079
1688,EMP179,CUST045
1689,EMP256,CUST047
1690,EMP167,CUST017
1691,EMP152,CUST010
1692,EMP229,CUST049
1693,EMP235,CUST088
1694,EMP014,CUST003
1695,EMP096,CUST026
1696,EMP096,CUST027
1697,EMP013,CUST018
1698,EMP237,CUST039
1699,EMP290,CUST023
1700,EMP010,CUST014
1701,EMP211,CUST059
1702,EMP229,CUST094
1703,EMP241,CUST080
1704,EMP199,CUST087
1705,EMP130,CUST011
1706,EMP239,CUST020
1707,EMP108,CUST088
1708,EMP015,CUST095
1709,EMP284,CUST017
1710,EMP089,CUST081
1711,EMP157,CUST049
1712,EMP074,CUST095
1713,EMP199,CUST029
1714,EMP044,CUST090
1715,EMP090,CUST090
1716,EMP216,CUST008
1717,EMP097,CUST080
1718,EMP042,CUST074
1719,EMP170,CUST087
1720,EMP170,CUST080
1721,EMP265,CUST022
1722,EMP197,CUST020
1723,EMP074,CUST038
1724,EMP132,CUST040
1725,EMP273,CUST012
1726,EMP032,CUST019
1727,EMP177,CUST069
1728,EMP048,CUST004
1729,EMP154,CUST065
1730,EMP076,CUST053
1731,EMP240,CUST100
1732,EMP300,CUST086
1733,EMP179,CUST002
1734,EMP170,CUST021
1735,EMP289,CUST054
1736,EMP215,CUST013
1737,EMP013,CUST045
1738,EMP177,CUST028
1739,EMP255,CUST082
1740,EMP198,CUST093
1741,EMP086,CUST035
1742,EMP044,CUST037
1743,EMP021,CUST097
1744,EMP109,CUST098
1745,EMP011,CUST001
1746,EMP236,CUST091
1747,EMP215,CUST083
1748,EMP080,CUST022
1749,EMP193,CUST055
1750,EMP257,CUST087
1751,EMP289,CUST061
1752,EMP121,CUST049
1753,EMP012,CUST086
1754,EMP211,CUST081
1755,EMP093,CUST067
1756,EMP180,CUST075
1757,EMP155,CUST085
1758,EMP209,CUST067
1759,EMP024,CUST017
1760,EMP113,CUST032
1761,EMP204,CUST015
1762,EMP202,CUST048
1763,EMP155,CUST063
1764,EMP204,CUST058
1765,EMP184,CUST026
1766,EMP189,CUST025
1767,EMP234,CUST007
1768,EMP248,CUST030
1769,EMP268,CUST063
1770,EMP063,CUST015
1771,EMP030,CUST055
1772,EMP297,CUST055
1773,EMP127,CUST060
1774,EMP193,CUST080
1775,EMP171,CUST063
1776,EMP244,CUST027
1777,EMP234,CUST010
1778,EMP057,CUST010
1779,EMP296,CUST036
1780,EMP032,CUST025
1781,EMP053,CUST013
1782,EMP001,CUST045
1783,EMP015,CUST050
1784,EMP168,CUST024
1785,EMP231,CUST061
1786,EMP025,CUST028
1787,EMP268,CUST034
1788,EMP016,CUST017
1789,EMP195,CUST040
1790,EMP255,CUST086
1791,EMP118,CUST069
1792,EMP195,CUST028
1793,EMP250,CUST014
1794,EMP123,CUST027
1795,EMP039,CUST051
1796,EMP078,CUST074
1797,EMP011,CUST091
1798,EMP157,CUST095
1799,EMP190,CUST094
1800,EMP250,CUST007
1801,EMP036,CUST012
1802,EMP105,CUST071
1803,EMP029,CUST017
1804,EMP178,CUST070
1805,EMP034,CUST022
1806,EMP237,CUST038
1807,EMP078,CUST059
1808,EMP163,CUST032
1809,EMP116,CUST063
1810,EMP215,CUST049
1811,EMP194,CUST049
1812,EMP031,CUST020
1813,EMP300,CUST005
1814,EMP211,CUST078
1815,EMP137,CUST043
1816,EMP257,CUST013
1817,EMP040,CUST040
1818,EMP158,CUST037
1819,EMP069,CUST016
1820,EMP048,CUST018
1821,EMP064,CUST082
1822,EMP174,CUST017
1823,EMP023,CUST006
1824,EMP220,CUST034
1825,EMP069,CUST080
1826,EMP111,CUST091
1827,EMP135,CUST095
1828,EMP194,CUST085
1829,EMP023,CUST062
1830,EMP140,CUST043
1831,EMP194,CUST017
1832,EMP019,CUST090
1833,EMP016,CUST023
1834,EMP191,CUST037
1835,EMP073,CUST076
1836,EMP286,CUST031
1837,EMP014,CUST002
1838,EMP248,CUST042
1839,EMP216,CUST034
1840,EMP252,CUST045
1841,EMP252,CUST039
1842,EMP187,CUST031
1843,EMP234,CUST044
1844,EMP267,CUST068
1845,EMP252,CUST038
1846,EMP188,CUST036
1847,EMP261,CUST049
1848,EMP298,CUST033
1849,EMP259,CUST089
1850,EMP253,CUST088
1851,EMP274,CUST070
1852,EMP247,CUST047
1853,EMP207,CUST091
1854,EMP182,CUST076
1855,EMP035,CUST042
1856,EMP106,CUST012
1857,EMP196,CUST034
1858,EMP213,CUST022
1859,EMP254,CUST024
1860,EMP047,CUST056
1861,EMP265,CUST067
1862,EMP043,CUST001
1863,EMP168,CUST095
1864,EMP146,CUST015
1865,EMP185,CUST020
1866,EMP073,CUST001
1867,EMP124,CUST061
1868,EMP031,CUST003
1869,EMP231,CUST034
1870,EMP090,CUST033
1871,EMP068,CUST094
1872,EMP275,CUST041
1873,EMP099,CUST099
1874,EMP060,CUST016
1875,EMP251,CUST058
1876,EMP169,CUST008
1877,EMP053,CUST073
1878,EMP087,CUST088
1879,EMP073,CUST078
1880,EMP033,CUST040
1881,EMP215,CUST040
1882,EMP044,CUST065
1883,EMP176,CUST052
1884,EMP258,CUST054
1885,EMP036,CUST058
1886,EMP094,CUST046
1887,EMP247,CUST004
1888,EMP162,CUST097
1889,EMP165,CUST045
1890,EMP242,CUST089
1891,EMP106,CUST010
1892,EMP067,CUST061
1893,EMP282,CUST061
1894,EMP007,CUST062
1895,EMP145,CUST054
1896,EMP189,CUST100
1897,EMP064,CUST061
1898,EMP179,CUST015
1899,EMP042,CUST013
1900,EMP067,CUST093
1901,EMP257,CUST081
1902,EMP245,CUST075
1903,EMP287,CUST025
1904,EMP139,CUST039
1905,EMP014,CUST053
1906,EMP078,CUST092
1907,EMP240,CUST090
1908,EMP014,CUST034
1909,EMP266,CUST076
1910,EMP087,CUST099
1911,EMP093,CUST055
1912,EMP117,CUST045
1913,EMP003,CUST012
1914,EMP290,CUST046
1915,EMP299,CUST009
1916,EMP013,CUST084
1917,EMP094,CUST096
1918,EMP186,CUST004
1919,EMP292,CUST043
1920,EMP198,CUST054
1921,EMP076,CUST057
1922,EMP138,CUST021
1923,EMP132,CUST056
1924,EMP056,CUST091
1925,EMP016,CUST072
1926,EMP065,CUST002
1927,EMP163,CUST060
1928,EMP160,CUST078
1929,EMP165,CUST091
1930,EMP244,CUST055
1931,EMP215,CUST060
1932,EMP050,CUST031
1933,EMP076,CUST079
1934,EMP069,CUST077
1935,EMP207,CUST041
1936,EMP088,CUST098
1937,EMP218,CUST068
1938,EMP158,CUST088
1939,EMP116,CUST051
1940,EMP218,CUST076
1941,EMP099,CUST013
1942,EMP110,CUST048
1943,EMP290,CUST017
1944,EMP005,CUST042
1945,EMP271,CUST037
1946,EMP229,CUST021
1947,EMP222,CUST031
1948,EMP219,CUST035
1949,EMP183,CUST091
1950,EMP278,CUST013
1951,EMP131,CUST039
1952,EMP156,CUST025
1953,EMP197,CUST096
1954,EMP093,CUST029
1955,EMP099,CUST038
1956,EMP169,CUST087
1957,EMP053,CUST008
1958,EMP103,CUST094
1959,EMP135,CUST100
1960,EMP118,CUST062
1961,EMP179,CUST073
1962,EMP196,CUST007
1963,EMP272,CUST050
1964,EMP250,CUST001
1965,EMP007,CUST014
1966,EMP288,CUST074
1967,EMP118,CUST094
1968,EMP054,CUST047
1969,EMP150,CUST025
1970,EMP283,CUST100
1971,EMP143,CUST092
1972,EMP175,CUST026
1973,EMP220,CUST020
1974,EMP008,CUST083
1975,EMP118,CUST093
1976,EMP085,CUST091
1977,EMP276,CUST029
1978,EMP180,CUST022
1979,EMP126,CUST018
1980,EMP271,CUST006
1981,EMP219,CUST043
1982,EMP253,CUST098
1983,EMP064,CUST012
1984,EMP140,CUST055
1985,EMP111,CUST072
1986,EMP026,CUST076
1987,EMP060,CUST084
1988,EMP135,CUST031
1989,EMP138,CUST021
1990,EMP144,CUST083
1991,EMP008,CUST100
1992,EMP028,CUST015
1993,EMP238,CUST097
1994,EMP180,CUST046
1995,EMP228,CUST013
1996,EMP106,CUST052
1997,EMP231,CUST066
1998,EMP115,CUST039
1999,EMP088,CUST075
2000,EMP088,CUST042
2001,EMP098,CUST095
2002,EMP037,CUST085
2003,EMP229,CUST073
2004,EMP010,CUST018
2005,EMP006,CUST079
2006,EMP297,CUST090
2007,EMP240,CUST082
2008,EMP249,CUST032
2009,EMP226,CUST031
2010,EMP026,CUST059
2011,EMP148,CUST093
2012,EMP076,CUST038
2013,EMP229,CUST087
2014,EMP014,CUST058
2015,EMP140,CUST070
2016,EMP276,CUST002
2017,EMP138,CUST021
2018,EMP053,CUST026
2019,EMP130,CUST031
2020,EMP076,CUST074
2021,EMP193,CUST030
2022,EMP108,CUST023
2023,EMP057,CUST036
2024,EMP173,CUST076
2025,EMP048,CUST032
2026,EMP185,CUST016
2027,EMP158,CUST073
2028,EMP295,CUST019
2029,EMP256,CUST052
2030,EMP066,CUST003
2031,EMP050,CUST071
2032,EMP192,CUST085
2033,EMP221,CUST086
2034,EMP024,CUST022
2035,EMP186,CUST063
2036,EMP189,CUST051
2037,EMP200,CUST063
2038,EMP249,CUST063
2039,EMP172,CUST034
2040,EMP039,CUST017
2041,EMP094,CUST026
2042,EMP197,CUST083
2043,EMP155,CUST007
2044,EMP127,CUST019
2045,EMP229,CUST072
2046,EMP063,CUST057
2047,EMP085,CUST065
2048,EMP121,CUST095
2049,EMP039,CUST065
2050,EMP160,CUST001
2051,EMP142,CUST010
2052,EMP036,CUST002
2053,EMP248,CUST027
2054,EMP244,CUST026
2055,EMP134,CUST081
2056,EMP182,CUST031
2057,EMP194,CUST079
2058,EMP293,CUST007
2059,EMP173,CUST062
2060,EMP296,CUST075
2061,EMP086,CUST058
2062,EMP261,CUST065
2063,EMP287,CUST036
2064,EMP146,CUST019
2065,EMP073,CUST054
2066,EMP272,CUST073
2067,EMP119,CUST029
2068,EMP130,CUST046
2069,EMP143,CUST044
2070,EMP256,CUST021
2071,EMP186,CUST049
2072,EMP241,CUST079
2073,EMP298,CUST013
2074,EMP128,CUST057
2075,EMP161,CUST060
2076,EMP121,CUST040
2077,EMP041,CUST044
2078,EMP280,CUST058
2079,EMP216,CUST012
2080,EMP238,CUST076
2081,EMP160,CUST021
2082,EMP164,CUST044
2083,EMP038,CUST040
2084,EMP299,CUST092
2085,EMP296,CUST025
2086,EMP099,CUST013
2087,EMP199,CUST085
2088,EMP190,CUST030
2089,EMP181,CUST037
2090,EMP079,CUST039
2091,EMP294,CUST055
2092,EMP193,CUST093
2093,EMP197,CUST043
2094,EMP243,CUST079
2095,EMP071,CUST057
2096,EMP160,CUST056
2097,EMP213,CUST094
2098,EMP077,CUST097
2099,EMP085,CUST063
2100,EMP091,CUST010
2101,EMP223,CUST071
2102,EMP269,CUST081
2103,EMP285,CUST089
2104,EMP142,CUST031
2105,EMP084,CUST096
2106,EMP116,CUST082
2107,EMP184,CUST024
2108,EMP213,CUST035
2109,EMP078,CUST074
2110,EMP073,CUST019
2111,EMP247,CUST076
2112,EMP035,CUST048
2113,EMP243,CUST022
2114,EMP118,CUST049
2115,EMP242,CUST006
2116,EMP240,CUST071
2117,EMP022,CUST016
2118,EMP229,CUST020
2119,EMP029,CUST033
2120,EMP092,CUST100
2121,EMP049,CUST047
2122,EMP278,CUST052
2123,EMP045,CUST052
2124,EMP208,CUST032
2125,EMP277,CUST005
2126,EMP238,CUST005
2127,EMP176,CUST090
2128,EMP170,CUST085
2129,EMP066,CUST091
2130,EMP125,CUST097
2131,EMP021,CUST011
2132,EMP062,CUST064
2133,EMP193,CUST043
2134,EMP291,CUST064
2135,EMP097,CUST064
2136,EMP012,CUST087
2137,EMP026,CUST073
2138,EMP167,CUST035
2139,EMP051,CUST037
2140,EMP217,CUST050
2141,EMP275,CUST029
2142,EMP138,CUST037
2143,EMP051,CUST096
2144,EMP245,CUST008
2145,EMP100,CUST051
2146,EMP023,CUST015
2147,EMP242,CUST091
2148,EMP171,CUST060
2149,EMP142,CUST036
2150,EMP016,CUST100
2151,EMP118,CUST074
2152,EMP259,CUST063
2153,EMP252,CUST077
2154,EMP055,CUST058
2155,EMP192,CUST064
2156,EMP036,CUST067
2157,EMP141,CUST025
2158,EMP262,CUST066
2159,EMP207,CUST025
2160,EMP023,CUST030
2161,EMP148,CUST028
2162,EMP175,CUST027
2163,EMP263,CUST098
2164,EMP249,CUST012
2165,EMP286,CUST085
2166,EMP121,CUST042
2167,EMP182,CUST036
2168,EMP098,CUST021
2169,EMP183,CUST039
2170,EMP002,CUST056
2171,EMP067,CUST027
2172,EMP104,CUST041
2173,EMP108,CUST046
2174,EMP058,CUST031
2175,EMP139,CUST043
2176,EMP258,CUST092
2177,EMP194,CUST078
2178,EMP269,CUST039
2179,EMP273,CUST028
2180,EMP160,CUST027
2181,EMP188,CUST096
2182,EMP154,CUST077
2183,EMP236,CUST020
2184,EMP201,CUST003
2185,EMP192,CUST094
2186,EMP245,CUST014
2187,EMP195,CUST055
2188,EMP233,CUST044
2189,EMP284,CUST071
2190,EMP217,CUST039
2191,EMP291,CUST095
2192,EMP042,CUST011
2193,EMP119,CUST091
2194,EMP124,CUST014
2195,EMP221,CUST013
2196,EMP037,CUST068
2197,EMP191,CUST054
2198,EMP238,CUST058
2199,EMP231,CUST093
2200,EMP119,CUST050
2201,EMP109,CUST033
2202,EMP049,CUST071
2203,EMP003,CUST019
2204,EMP138,CUST008
2205,EMP070,CUST048
2206,EMP032,CUST094
2207,EMP173,CUST027
2208,EMP201,CUST081
2209,EMP024,CUST037
2210,EMP207,CUST059
2211,EMP256,CUST080
2212,EMP176,CUST051
2213,EMP014,CUST082
2214,EMP123,CUST025
2215,EMP136,CUST100
2216,EMP247,CUST058
2217,EMP167,CUST061
2218,EMP151,CUST070
2219,EMP123,CUST044
2220,EMP023,CUST049
2221,EMP234,CUST001
2222,EMP271,CUST099
2223,EMP186,CUST053
2224,EMP156,CUST075
2225,EMP146,CUST058
2226,EMP072,CUST058
2227,EMP266,CUST070
2228,EMP042,CUST010
2229,EMP147,CUST030
2230,EMP282,CUST027
2231,EMP011,CUST082
2232,EMP121,CUST011
2233,EMP059,CUST042
2234,EMP182,CUST056
2235,EMP163,CUST082
2236,EMP162,CUST049
2237,EMP196,CUST055
2238,EMP239,CUST008
2239,EMP014,CUST073
2240,EMP195,CUST092
2241,EMP029,CUST013
2242,EMP045,CUST045
2243,EMP088,CUST046
2244,EMP227,CUST076
2245,EMP263,CUST048
2246,EMP153,CUST037
2247,EMP224,CUST058
2248,EMP108,CUST047
2249,EMP246,CUST097
2250,EMP197,CUST040
2251,EMP144,CUST088
2252,EMP078,CUST061
2253,EMP151,CUST009
2254,EMP292,CUST044
2255,EMP029,CUST012
2256,EMP114,CUST020
2257,EMP080,CUST024
2258,EMP095,CUST087
2259,EMP299,CUST074
2260,EMP058,CUST073
2261,EMP015,CUST091
2262,EMP045,CUST060
2263,EMP003,CUST027
2264,EMP045,CUST020
2265,EMP300,CUST055
2266,EMP106,CUST060
2267,EMP055,CUST033
2268,EMP201,CUST056
2269,EMP164,CUST003
2270,EMP272,CUST050
2271,EMP185,CUST017
2272,EMP247,CUST031
2273,EMP130,CUST022
2274,EMP172,CUST039
2275,EMP005,CUST082
2276,EMP214,CUST001
2277,EMP044,CUST006
2278,EMP280,CUST030
2279,EMP209,CUST025
2280,EMP155,CUST044
2281,EMP088,CUST027
2282,EMP282,CUST076
2283,EMP249,CUST098
2284,EMP026,CUST049
2285,EMP113,CUST037
2286,EMP217,CUST033
2287,EMP190,CUST033
2288,EMP076,CUST043
2289,EMP005,CUST073
2290,EMP277,CUST057
2291,EMP071,CUST088
2292,EMP206,CUST089
2293,EMP267,CUST083
2294,EMP047,CUST026
2295,EMP081,CUST005
2296,EMP160,CUST074
2297,EMP140,CUST091
2298,EMP166,CUST065
2299,EMP018,CUST005
2300,EMP120,CUST034
2301,EMP135,CUST086
2302,EMP244,CUST043
2303,EMP186,CUST099
2304,EMP200,CUST023
2305,EMP264,CUST068
2306,EMP233,CUST043
2307,EMP153,CUST078
2308,EMP098,CUST055
2309,EMP010,CUST046
2310,EMP115,CUST077
2311,EMP078,CUST091
2312,EMP187,CUST096
2313,EMP112,CUST068
2314,EMP074,CUST024
2315,EMP186,CUST030
2316,EMP154,CUST023
2317,EMP066,CUST086
2318,EMP128,CUST059
2319,EMP109,CUST053
2320,EMP170,CUST061
2321,EMP018,CUST066
2322,EMP147,CUST083
2323,EMP144,CUST084
2324,EMP223,CUST047
2325,EMP017,CUST091
2326,EMP139,CUST004
2327,EMP130,CUST076
2328,EMP004,CUST007
2329,EMP004,CUST073
2330,EMP029,CUST066
2331,EMP226,CUST050
2332,EMP072,CUST060
2333,EMP217,CUST015
2334,EMP112,CUST056
2335,EMP189,CUST054
2336,EMP011,CUST076
2337,EMP051,CUST012
2338,EMP035,CUST033
2339,EMP264,CUST009
2340,EMP048,CUST064
2341,EMP058,CUST045
2342,EMP116,CUST002
2343,EMP153,CUST021
2344,EMP183,CUST024
2345,EMP048,CUST076
2346,EMP181,CUST002
2347,EMP044,CUST070
2348,EMP030,CUST024
2349,EMP007,CUST083
2350,EMP124,CUST075
2351,EMP116,CUST094
2352,EMP062,CUST046
2353,EMP158,CUST100
2354,EMP074,CUST053
2355,EMP266,CUST088
2356,EMP076,CUST067
2357,EMP093,CUST099
2358,EMP249,CUST079
2359,EMP123,CUST049
2360,EMP271,CUST095
2361,EMP123,CUST034
2362,EMP240,CUST063
2363,EMP210,CUST046
2364,EMP075,CUST033
2365,EMP107,CUST046
2366,EMP062,CUST065
2367,EMP169,CUST093
2368,EMP295,CUST036
2369,EMP129,CUST090
2370,EMP263,CUST027
2371,EMP185,CUST015
2372,EMP260,CUST031
2373,EMP132,CUST009
2374,EMP276,CUST081
2375,EMP287,CUST016
2376,EMP227,CUST082
2377,EMP280,CUST070
2378,EMP009,CUST013
2379,EMP237,CUST056
2380,EMP262,CUST060
2381,EMP235,CUST030
2382,EMP049,CUST045
2383,EMP272,CUST014
2384,EMP047,CUST002
2385,EMP179,CUST064
2386,EMP025,CUST023
2387,EMP217,CUST047
2388,EMP192,CUST024
2389,EMP258,CUST059
2390,EMP178,CUST080
2391,EMP079,CUST062
2392,EMP014,CUST017
2393,EMP042,CUST005
2394,EMP070,CUST077
2395,EMP293,CUST067
2396,EMP037,CUST073
2397,EMP148,CUST064
2398,EMP265,CUST058
2399,EMP260,CUST028
2400,EMP009,CUST012
2401,EMP170,CUST034
2402,EMP050,CUST088
2403,EMP173,CUST095
2404,EMP272,CUST059
2405,EMP247,CUST030
2406,EMP178,CUST073
2407,EMP170,CUST022
2408,EMP185,CUST091
2409,EMP147,CUST099
2410,EMP085,CUST057
2411,EMP130,CUST068
2412,EMP069,CUST077
2413,EMP113,CUST071
2414,EMP191,CUST090
2415,EMP026,CUST016
2416,EMP010,CUST021
2417,EMP010,CUST054
2418,EMP083,CUST069
2419,EMP109,CUST046
2420,EMP274,CUST051
2421,EMP064,CUST070
2422,EMP133,CUST071
2423,EMP296,CUST018
2424,EMP098,CUST070
2425,EMP252,CUST092
2426,EMP020,CUST062
2427,EMP226,CUST067
2428,EMP071,CUST060
2429,EMP143,CUST019
2430,EMP183,CUST013
2431,EMP058,CUST053
2432,EMP200,CUST006
2433,EMP177,CUST050
2434,EMP149,CUST045
2435,EMP251,CUST064
2436,EMP030,CUST080
2437,EMP175,CUST056
2438,EMP282,CUST083
2439,EMP173,CUST065
2440,EMP294,CUST052
2441,EMP173,CUST022
2442,EMP047,CUST085
2443,EMP148,CUST019
2444,EMP107,CUST039
2445,EMP067,CUST033
2446,EMP007,CUST027
2447,EMP211,CUST029
2448,EMP202,CUST100
2449,EMP191,CUST088
2450,EMP205,CUST041
2451,EMP241,CUST083
2452,EMP247,CUST061
2453,EMP209,CUST072
2454,EMP251,CUST048
2455,EMP241,CUST029
2456,EMP222,CUST066
2457,EMP298,CUST069
2458,EMP015,CUST091
2459,EMP100,CUST053
2460,EMP047,CUST081
2461,EMP101,CUST095
2462,EMP113,CUST097
2463,EMP192,CUST025
2464,EMP116,CUST071
2465,EMP252,CUST027
2466,EMP063,CUST098
2467,EMP147,CUST009
2468,EMP244,CUST015
2469,EMP133,CUST094
2470,EMP016,CUST083
2471,EMP009,CUST027
2472,EMP108,CUST001
2473,EMP299,CUST001
2474,EMP253,CUST045
2475,EMP131,CUST039
2476,EMP201,CUST061
2477,EMP243,CUST061
2478,EMP106,CUST088
2479,EMP271,CUST038
2480,EMP130,CUST024
2481,EMP223,CUST018
2482,EMP159,CUST058
2483,EMP178,CUST047
2484,EMP188,CUST044
2485,EMP204,CUST029
2486,EMP016,CUST069
2487,EMP204,CUST094
2488,EMP222,CUST083
2489,EMP062,CUST063
2490,EMP239,CUST081
2491,EMP281,CUST003
2492,EMP119,CUST049
2493,EMP298,CUST052
2494,EMP043,CUST061
2495,EMP130,CUST031
2496,EMP282,CUST062
2497,EMP183,CUST007
2498,EMP254,CUST091
2499,EMP157,CUST071
2500,EMP003,CUST081
2501,EMP079,CUST073
2502,EMP204,CUST016
2503,EMP094,CUST008
2504,EMP235,CUST049
2505,EMP180,CUST075
2506,EMP116,CUST039
2507,EMP260,CUST036
2508,EMP253,CUST045
2509,EMP218,CUST082
2510,EMP105,CUST045
2511,EMP061,CUST054
2512,EMP083,CUST019
2513,EMP214,CUST088
2514,EMP137,CUST080
2515,EMP027,CUST097
2516,EMP075,CUST014
2517,EMP060,CUST019
2518,EMP155,CUST064
2519,EMP011,CUST012
2520,EMP186,CUST022
2521,EMP183,CUST020
2522,EMP067,CUST067
2523,EMP094,CUST066
2524,EMP153,CUST049
2525,EMP194,CUST075
2526,EMP260,CUST038
2527,EMP158,CUST064
2528,EMP188,CUST085
2529,EMP281,CUST057
2530,EMP202,CUST059
2531,EMP189,CUST035
2532,EMP099,CUST068
2533,EMP296,CUST098
2534,EMP257,CUST043
2535,EMP268,CUST060
2536,EMP089,CUST047
2537,EMP283,CUST054
2538,EMP252,CUST100
2539,EMP148,CUST019
2540,EMP197,CUST011
2541,EMP069,CUST082
2542,EMP168,CUST099
2543,EMP230,CUST014
2544,EMP229,CUST015
2545,EMP219,CUST028
2546,EMP220,CUST023
2547,EMP227,CUST022
2548,EMP162,CUST068
2549,EMP051,CUST027
2550,EMP184,CUST022
2551,EMP147,CUST097
2552,EMP083,CUST012
2553,EMP145,CUST066
2554,EMP128,CUST078
2555,EMP019,CUST022
2556,EMP165,CUST074
2557,EMP038,CUST076
2558,EMP260,CUST066
2559,EMP116,CUST071
2560,EMP040,CUST043
2561,EMP064,CUST017
2562,EMP187,CUST005
2563,EMP222,CUST042
2564,EMP035,CUST083
2565,EMP168,CUST087
2566,EMP079,CUST037
2567,EMP290,CUST060
2568,EMP050,CUST009
2569,EMP291,CUST027
2570,EMP018,CUST055
2571,EMP078,CUST055
2572,EMP223,CUST015
2573,EMP073,CUST054
2574,EMP270,CUST087
2575,EMP064,CUST028
2576,EMP285,CUST021
2577,EMP010,CUST060
2578,EMP287,CUST052
2579,EMP159,CUST011
2580,EMP250,CUST048
2581,EMP183,CUST046
2582,EMP101,CUST020
2583,EMP047,CUST039
2584,EMP093,CUST015
2585,EMP205,CUST025
2586,EMP247,CUST098
2587,EMP146,CUST027
2588,EMP240,CUST044
2589,EMP100,CUST071
2590,EMP254,CUST018
2591,EMP292,CUST064
2592,EMP295,CUST034
2593,EMP123,CUST048
2594,EMP096,CUST035
2595,EMP226,CUST023
2596,EMP115,CUST064
2597,EMP037,CUST057
2598,EMP200,CUST032
2599,EMP189,CUST042
2600,EMP083,CUST029
2601,EMP256,CUST067
2602,EMP054,CUST029
2603,EMP009,CUST031
2604,EMP181,CUST043
2605,EMP066,CUST083
2606,EMP042,CUST049
2607,EMP085,CUST039
2608,EMP031,CUST073
2609,EMP195,CUST011
2610,EMP055,CUST004
2611,EMP042,CUST035
2612,EMP115,CUST046
2613,EMP010,CUST001
2614,EMP253,CUST083
2615,EMP254,CUST089
2616,EMP193,CUST063
2617,EMP126,CUST097
2618,EMP211,CUST057
2619,EMP084,CUST097
2620,EMP103,CUST016
2621,EMP167,CUST063
2622,EMP142,CUST055
2623,EMP196,CUST003
2624,EMP135,CUST073
2625,EMP055,CUST056
2626,EMP171,CUST063
2627,EMP136,CUST036
2628,EMP049,CUST073
2629,EMP015,CUST091
2630,EMP198,CUST010
2631,EMP244,CUST054
2632,EMP105,CUST011
2633,EMP028,CUST066
2634,EMP127,CUST058
2635,EMP073,CUST005
2636,EMP280,CUST063
2637,EMP171,CUST063
2638,EMP224,CUST060
2639,EMP156,CUST026
2640,EMP241,CUST046
2641,EMP204,CUST009
2642,EMP095,CUST007
2643,EMP205,CUST012
2644,EMP074,CUST018
2645,EMP270,CUST023
2646,EMP193,CUST006
2647,EMP139,CUST087
2648,EMP025,CUST076
2649,EMP137,CUST028
2650,EMP179,CUST020
2651,EMP175,CUST034
2652,EMP003,CUST040
2653,EMP170,CUST037
2654,EMP208,CUST068
2655,EMP186,CUST044
2656,EMP162,CUST070
2657,EMP187,CUST085
2658,EMP035,CUST045
2659,EMP058,CUST047
2660,EMP026,CUST045
2661,EMP017,CUST042
2662,EMP131,CUST053
2663,EMP300,CUST044
2664,EMP273,CUST001
2665,EMP096,CUST021
2666,EMP122,CUST041
2667,EMP293,CUST063
2668,EMP265,CUST082
2669,EMP095,CUST064
2670,EMP224,CUST062
2671,EMP056,CUST036
2672,EMP250,CUST003
2673,EMP198,CUST096
2674,EMP144,CUST037
2675,EMP159,CUST075
2676,EMP216,CUST093
2677,EMP236,CUST037
2678,EMP288,CUST061
2679,EMP037,CUST039
2680,EMP224,CUST002
2681,EMP186,CUST032
2682,EMP169,CUST077
2683,EMP081,CUST012
2684,EMP259,CUST081
2685,EMP085,CUST051
2686,EMP034,CUST048
2687,EMP197,CUST097
2688,EMP186,CUST057
2689,EMP029,CUST084
2690,EMP072,CUST021
2691,EMP064,CUST054
2692,EMP183,CUST093
2693,EMP020,CUST014
2694,EMP196,CUST045
2695,EMP107,CUST014
2696,EMP122,CUST089
2697,EMP151,CUST099
2698,EMP232,CUST019
2699,EMP154,CUST058
2700,EMP046,CUST084
2701,EMP039,CUST002
2702,EMP168,CUST086
2703,EMP180,CUST008
2704,EMP293,CUST026
2705,EMP105,CUST082
2706,EMP273,CUST036
2707,EMP159,CUST098
2708,EMP153,CUST014
2709,EMP163,CUST007
2710,EMP270,CUST071
2711,EMP264,CUST086
2712,EMP253,CUST002
2713,EMP132,CUST070
2714,EMP086,CUST099
2715,EMP243,CUST028
2716,EMP157,CUST048
2717,EMP298,CUST018
2718,EMP253,CUST067
2719,EMP290,CUST036
2720,EMP038,CUST087
2721,EMP007,CUST005
2722,EMP088,CUST003
2723,EMP277,CUST037
2724,EMP019,CUST056
2725,EMP195,CUST041
2726,EMP297,CUST080
2727,EMP077,CUST019
2728,EMP128,CUST001
2729,EMP201,CUST025
2730,EMP243,CUST091
2731,EMP291,CUST006
2732,EMP251,CUST090
2733,EMP058,CUST100
2734,EMP057,CUST090
2735,EMP172,CUST068
2736,EMP139,CUST044
2737,EMP170,CUST082
2738,EMP176,CUST070
2739,EMP019,CUST004
2740,EMP090,CUST019
2741,EMP037,CUST065
2742,EMP189,CUST060
2743,EMP181,CUST097
2744,EMP183,CUST011
2745,EMP047,CUST097
2746,EMP206,CUST075
2747,EMP069,CUST064
2748,EMP046,CUST100
2749,EMP282,CUST042
2750,EMP123,CUST043
2751,EMP008,CUST068
2752,EMP269,CUST054
2753,EMP234,CUST075
2754,EMP200,CUST080
2755,EMP218,CUST030
2756,EMP144,CUST025
2757,EMP119,CUST025
2758,EMP097,CUST100
2759,EMP118,CUST024
2760,EMP082,CUST061
2761,EMP293,CUST060
2762,EMP095,CUST078
2763,EMP287,CUST018
2764,EMP016,CUST067
2765,EMP226,CUST029
2766,EMP009,CUST012
2767,EMP258,CUST091
2768,EMP246,CUST033
2769,EMP256,CUST085
2770,EMP104,CUST092
2771,EMP171,CUST089
2772,EMP067,CUST044
2773,EMP040,CUST060
2774,EMP083,CUST054
2775,EMP018,CUST029
2776,EMP190,CUST042
2777,EMP122,CUST031
2778,EMP163,CUST013
2779,EMP226,CUST046
2780,EMP191,CUST096
2781,EMP023,CUST037
2782,EMP114,CUST002
2783,EMP278,CUST072
2784,EMP283,CUST023
2785,EMP097,CUST082
2786,EMP272,CUST046
2787,EMP128,CUST032
2788,EMP121,CUST099
2789,EMP128,CUST027
2790,EMP044,CUST022
2791,EMP196,CUST035
2792,EMP027,CUST063
2793,EMP259,CUST038
2794,EMP097,CUST043
2795,EMP105,CUST073
2796,EMP245,CUST086
2797,EMP250,CUST071
2798,EMP085,CUST074
2799,EMP267,CUST031
2800,EMP211,CUST020
2801,EMP039,CUST016
2802,EMP073,CUST069
2803,EMP152,CUST067
2804,EMP262,CUST088
2805,EMP277,CUST041
2806,EMP153,CUST058
2807,EMP191,CUST032
2808,EMP055,CUST070
2809,EMP167,CUST045
2810,EMP026,CUST033
2811,EMP014,CUST047
2812,EMP259,CUST071
2813,EMP161,CUST045
2814,EMP102,CUST046
2815,EMP260,CUST083
2816,EMP034,CUST049
2817,EMP153,CUST092
2818,EMP090,CUST045
2819,EMP211,CUST080
2820,EMP092,CUST080
2821,EMP115,CUST091
2822,EMP091,CUST100
2823,EMP211,CUST062
2824,EMP251,CUST054
2825,EMP051,CUST016
2826,EMP145,CUST064
2827,EMP137,CUST064
2828,EMP109,CUST006
2829,EMP227,CUST060
2830,EMP034,CUST009
2831,EMP074,CUST057
2832,EMP232,CUST008
2833,EMP120,CUST074
2834,EMP041,CUST069
2835,EMP170,CUST030
2836,EMP078,CUST013
2837,EMP036,CUST014
2838,EMP286,CUST097
2839,EMP088,CUST004
2840,EMP258,CUST062
2841,EMP223,CUST051
2842,EMP001,CUST055
2843,EMP044,CUST076
2844,EMP069,CUST025
2845,EMP102,CUST044
2846,EMP015,CUST016
2847,EMP225,CUST044
2848,EMP017,CUST040
2849,EMP032,CUST079
2850,EMP229,CUST056
2851,EMP130,CUST010
2852,EMP285,CUST016
2853,EMP212,CUST032
2854,EMP188,CUST100
2855,EMP029,CUST023
2856,EMP228,CUST077
2857,EMP049,CUST058
2858,EMP028,CUST043
2859,EMP222,CUST028
2860,EMP218,CUST029
2861,EMP194,CUST046
2862,EMP146,CUST037
2863,EMP279,CUST078
2864,EMP074,CUST074
2865,EMP260,CUST041
2866,EMP142,CUST032
2867,EMP102,CUST011
2868,EMP282,CUST096
2869,EMP002,CUST010
2870,EMP060,CUST070
2871,EMP054,CUST074
2872,EMP101,CUST077
2873,EMP077,CUST053
2874,EMP214,CUST077
2875,EMP064,CUST011
2876,EMP134,CUST009
2877,EMP023,CUST030
2878,EMP202,CUST013
2879,EMP081,CUST008
2880,EMP279,CUST025
2881,EMP106,CUST023
2882,EMP267,CUST019
2883,EMP215,CUST053
2884,EMP063,CUST068
2885,EMP028,CUST048
2886,EMP243,CUST057
2887,EMP059,CUST053
2888,EMP175,CUST023
2889,EMP177,CUST007
2890,EMP085,CUST069
2891,EMP284,CUST075
2892,EMP264,CUST037
2893,EMP169,CUST031
2894,EMP148,CUST026
2895,EMP282,CUST001
2896,EMP082,CUST063
2897,EMP099,CUST011
2898,EMP292,CUST022
2899,EMP116,CUST029
2900,EMP051,CUST088
2901,EMP123,CUST017
2902,EMP216,CUST038
2903,EMP118,CUST054
2904,EMP254,CUST076
2905,EMP196,CUST061
2906,EMP238,CUST079
2907,EMP146,CUST015
2908,EMP049,CUST035
2909,EMP172,CUST022
2910,EMP218,CUST085
2911,EMP104,CUST074
2912,EMP014,CUST077
2913,EMP186,CUST010
2914,EMP157,CUST033
2915,EMP269,CUST001
2916,EMP078,CUST023
2917,EMP179,CUST040
2918,EMP132,CUST026
2919,EMP214,CUST087
2920,EMP278,CUST066
2921,EMP126,CUST097
2922,EMP125,CUST073
2923,EMP026,CUST096
2924,EMP039,CUST040
2925,EMP006,CUST048
2926,EMP263,CUST031
2927,EMP260,CUST091
2928,EMP288,CUST012
2929,EMP057,CUST078
2930,EMP129,CUST033
2931,EMP015,CUST048
2932,EMP129,CUST099
2933,EMP295,CUST049
2934,EMP134,CUST081
2935,EMP119,CUST087
2936,EMP281,CUST063
2937,EMP218,CUST097
2938,EMP104,CUST083
2939,EMP173,CUST009
2940,EMP054,CUST028
2941,EMP257,CUST021
2942,EMP265,CUST003
2943,EMP180,CUST095
2944,EMP169,CUST023
2945,EMP199,CUST014
2946,EMP104,CUST077
2947,EMP216,CUST092
2948,EMP235,CUST062
2949,EMP198,CUST014
2950,EMP266,CUST078
2951,EMP114,CUST012
2952,EMP110,CUST001
2953,EMP088,CUST087
2954,EMP109,CUST089
2955,EMP073,CUST070
2956,EMP025,CUST088
2957,EMP290,CUST059
2958,EMP124,CUST091
2959,EMP051,CUST026
2960,EMP053,CUST018
2961,EMP076,CUST098
2962,EMP032,CUST074
2963,EMP035,CUST048
2964,EMP204,CUST085
2965,EMP240,CUST004
2966,EMP079,CUST023
2967,EMP148,CUST022
2968,EMP283,CUST025
2969,EMP005,CUST008
2970,EMP298,CUST051
2971,EMP155,CUST068
2972,EMP292,CUST088
2973,EMP138,CUST021
2974,EMP114,CUST056
2975,EMP283,CUST099
2976,EMP067,CUST049
2977,EMP259,CUST088
2978,EMP285,CUST070
2979,EMP299,CUST089
2980,EMP223,CUST072
2981,EMP272,CUST024
2982,EMP300,CUST009
2983,EMP098,CUST058
2984,EMP145,CUST054
2985,EMP177,CUST098
2986,EMP221,CUST096
2987,EMP076,CUST040
2988,EMP212,CUST085
2989,EMP082,CUST003
2990,EMP184,CUST043
2991,EMP234,CUST005
2992,EMP003,CUST011
2993,EMP009,CUST032
2994,EMP267,CUST067
2995,EMP268,CUST017
2996,EMP299,CUST005
2997,EMP056,CUST089
2998,EMP185,CUST034
2999,EMP255,CUST018
3000,EMP088,CUST030
3001,EMP261,CUST073
3002,EMP224,CUST051
3003,EMP215,CUST038
3004,EMP205,CUST082
3005,EMP167,CUST087
3006,EMP019,CUST097
3007,EMP156,CUST065
3008,EMP146,CUST045
3009,EMP092,CUST022
3010,EMP031,CUST043
3011,EMP069,CUST061
3012,EMP207,CUST073
3013,EMP244,CUST069
3014,EMP082,CUST013
3015,EMP152,CUST069
3016,EMP084,CUST004
3017,EMP299,CUST044
3018,EMP049,CUST092
3019,EMP161,CUST033
3020,EMP128,CUST043
3021,EMP286,CUST093
3022,EMP021,CUST033
3023,EMP018,CUST083
3024,EMP291,CUST098
3025,EMP079,CUST023
3026,EMP150,CUST087
3027,EMP066,CUST073
3028,EMP213,CUST067
3029,EMP174,CUST048
3030,EMP249,CUST029
3031,EMP120,CUST018
3032,EMP257,CUST009
3033,EMP050,CUST072
3034,EMP257,CUST021
3035,EMP205,CUST027
3036,EMP208,CUST095
3037,EMP282,CUST039
3038,EMP011,CUST045
3039,EMP281,CUST054
3040,EMP151,CUST026
3041,EMP186,CUST086
3042,EMP233,CUST093
3043,EMP264,CUST080
3044,EMP081,CUST043
3045,EMP224,CUST085
3046,EMP235,CUST033
3047,EMP112,CUST054
3048,EMP207,CUST066
3049,EMP219,CUST036
3050,EMP212,CUST037
3051,EMP217,CUST095
3052,EMP132,CUST044
3053,EMP273,CUST076
3054,EMP042,CUST040
3055,EMP205,CUST097
3056,EMP246,CUST077
3057,EMP155,CUST081
3058,EMP030,CUST031
3059,EMP121,CUST042
3060,EMP238,CUST013
3061,EMP028,CUST057
3062,EMP108,CUST020
3063,EMP294,CUST086
3064,EMP238,CUST050
3065,EMP266,CUST062
3066,EMP219,CUST007
3067,EMP009,CUST004
3068,EMP178,CUST044
3069,EMP151,CUST088
3070,EMP018,CUST007
3071,EMP120,CUST073
3072,EMP211,CUST096
3073,EMP099,CUST075
3074,EMP250,CUST071
3075,EMP090,CUST087
3076,EMP167,CUST033
3077,EMP195,CUST096
3078,EMP254,CUST026
3079,EMP130,CUST047
3080,EMP136,CUST021
3081,EMP026,CUST080
3082,EMP215,CUST008
3083,EMP201,CUST070
3084,EMP243,CUST098
3085,EMP182,CUST017
3086,EMP031,CUST040
3087,EMP112,CUST015
3088,EMP010,CUST079
3089,EMP260,CUST064
3090,EMP256,CUST012
3091,EMP019,CUST079
3092,EMP110,CUST005
3093,EMP280,CUST086
3094,EMP098,CUST004
3095,EMP072,CUST039
3096,EMP047,CUST016
3097,EMP175,CUST082
3098,EMP026,CUST072
3099,EMP105,CUST042
3100,EMP256,CUST036
3101,EMP119,CUST043
3102,EMP293,CUST033
3103,EMP179,CUST039
3104,EMP170,CUST058
3105,EMP252,CUST096
3106,EMP276,CUST017
3107,EMP039,CUST079
3108,EMP086,CUST095
3109,EMP286,CUST086
3110,EMP006,CUST034
3111,EMP274,CUST054
3112,EMP032,CUST071
3113,EMP034,CUST093
3114,EMP288,CUST086
3115,EMP152,CUST004
3116,EMP012,CUST030
3117,EMP033,CUST024
3118,EMP083,CUST086
3119,EMP295,CUST034
3120,EMP285,CUST036
3121,EMP037,CUST084
3122,EMP258,CUST022
3123,EMP205,CUST019
3124,EMP072,CUST047
3125,EMP286,CUST046
3126,EMP257,CUST098
3127,EMP148,CUST035
3128,EMP122,CUST091
3129,EMP185,CUST084
3130,EMP281,CUST059
3131,EMP287,CUST045
3132,EMP008,CUST075
3133,EMP015,CUST092
3134,EMP039,CUST028
3135,EMP057,CUST035
3136,EMP298,CUST095
3137,EMP173,CUST009
3138,EMP109,CUST007
3139,EMP190,CUST042
3140,EMP008,CUST039
3141,EMP149,CUST021
3142,EMP171,CUST030
3143,EMP034,CUST059
3144,EMP110,CUST043
3145,EMP273,CUST013
3146,EMP213,CUST064
3147,EMP266,CUST082
3148,EMP049,CUST086
3149,EMP116,CUST025
3150,EMP043,CUST017
3151,EMP089,CUST006
3152,EMP173,CUST024
3153,EMP037,CUST021
3154,EMP160,CUST069
3155,EMP268,CUST054
3156,EMP194,CUST096
3157,EMP120,CUST082
3158,EMP128,CUST100
3159,EMP283,CUST087
3160,EMP049,CUST013
3161,EMP183,CUST030
3162,EMP160,CUST081
3163,EMP262,CUST019
3164,EMP083,CUST078
3165,EMP090,CUST075
3166,EMP025,CUST056
3167,EMP231,CUST088
3168,EMP209,CUST044
3169,EMP120,CUST037
3170,EMP092,CUST046
3171,EMP175,CUST007
3172,EMP253,CUST091
3173,EMP188,CUST068
3174,EMP045,CUST021
3175,EMP110,CUST001
3176,EMP186,CUST062
3177,EMP065,CUST019
3178,EMP280,CUST058
3179,EMP074,CUST011
3180,EMP157,CUST095
3181,EMP280,CUST065
3182,EMP185,CUST039
3183,EMP297,CUST098
3184,EMP105,CUST091
3185,EMP131,CUST040
3186,EMP164,CUST014
3187,EMP144,CUST016
3188,EMP220,CUST037
3189,EMP068,CUST042
3190,EMP088,CUST069
3191,EMP094,CUST065
3192,EMP093,CUST008
3193,EMP092,CUST064
3194,EMP083,CUST087
3195,EMP183,CUST077
3196,EMP297,CUST028
3197,EMP165,CUST025
3198,EMP021,CUST095
3199,EMP076,CUST099
3200,EMP190,CUST070
3201,EMP067,CUST079
3202,EMP164,CUST026
3203,EMP245,CUST023
3204,EMP124,CUST011
3205,EMP247,CUST027
3206,EMP040,CUST089
3207,EMP015,CUST035
3208,EMP114,CUST043
3209,EMP179,CUST092
3210,EMP033,CUST044
3211,EMP073,CUST037
3212,EMP017,CUST002
3213,EMP224,CUST034
3214,EMP180,CUST063
3215,EMP124,CUST006
3216,EMP198,CUST029
3217,EMP158,CUST020
3218,EMP169,CUST019
3219,EMP032,CUST090
3220,EMP235,CUST001
3221,EMP214,CUST032
3222,EMP240,CUST093
3223,EMP168,CUST063
3224,EMP292,CUST005
3225,EMP282,CUST080
3226,EMP013,CUST030
3227,EMP127,CUST055
3228,EMP040,CUST069
3229,EMP125,CUST005
3230,EMP012,CUST081
3231,EMP234,CUST091
3232,EMP263,CUST012
3233,EMP109,CUST100
3234,EMP297,CUST040
3235,EMP247,CUST031
3236,EMP127,CUST007
3237,EMP211,CUST041
3238,EMP224,CUST041
3239,EMP050,CUST092
3240,EMP203,CUST043
3241,EMP265,CUST092
3242,EMP021,CUST071
3243,EMP135,CUST063
3244,EMP173,CUST050
3245,EMP099,CUST032
3246,EMP047,CUST033
3247,EMP014,CUST067
3248,EMP111,CUST099
3249,EMP192,CUST071
3250,EMP057,CUST010
3251,EMP039,CUST009
3252,EMP085,CUST030
3253,EMP118,CUST022
3254,EMP293,CUST078
3255,EMP167,CUST054
3256,EMP277,CUST077
3257,EMP256,CUST019
3258,EMP204,CUST078
3259,EMP268,CUST071
3260,EMP260,CUST059
3261,EMP110,CUST031
3262,EMP255,CUST004
3263,EMP208,CUST093
3264,EMP019,CUST044
3265,EMP018,CUST100
3266,EMP135,CUST057
3267,EMP287,CUST075
3268,EMP122,CUST007
3269,EMP149,CUST097
3270,EMP151,CUST075
3271,EMP239,CUST055
3272,EMP274,CUST077
3273,EMP117,CUST010
3274,EMP157,CUST004
3275,EMP178,CUST099
3276,EMP047,CUST075
3277,EMP078,CUST002
3278,EMP289,CUST096
3279,EMP169,CUST097
3280,EMP050,CUST030
3281,EMP004,CUST060
3282,EMP295,CUST039
3283,EMP075,CUST010
3284,EMP135,CUST098
3285,EMP228,CUST005
3286,EMP196,CUST092
3287,EMP045,CUST065
3288,EMP219,CUST079
3289,EMP266,CUST074
3290,EMP288,CUST070
3291,EMP014,CUST046
3292,EMP069,CUST079
3293,EMP167,CUST083
3294,EMP169,CUST056
3295,EMP250,CUST007
3296,EMP257,CUST003
3297,EMP231,CUST089
3298,EMP089,CUST023
3299,EMP075,CUST051
3300,EMP049,CUST052
3301,EMP265,CUST095
3302,EMP265,CUST025
3303,EMP243,CUST048
3304,EMP005,CUST050
3305,EMP167,CUST096
3306,EMP013,CUST045
3307,EMP126,CUST046
3308,EMP290,CUST005
3309,EMP232,CUST031
3310,EMP007,CUST087
3311,EMP022,CUST026
3312,EMP143,CUST062
3313,EMP152,CUST068
3314,EMP040,CUST086
3315,EMP015,CUST098
3316,EMP164,CUST056
3317,EMP136,CUST059
3318,EMP299,CUST010
3319,EMP247,CUST005
3320,EMP146,CUST080
3321,EMP029,CUST004
3322,EMP080,CUST062
3323,EMP218,CUST076
3324,EMP019,CUST081
3325,EMP070,CUST056
3326,EMP152,CUST051
3327,EMP187,CUST032
3328,EMP226,CUST041
3329,EMP050,CUST025
3330,EMP019,CUST081
3331,EMP040,CUST007
3332,EMP139,CUST044
3333,EMP263,CUST037
3334,EMP265,CUST031
3335,EMP256,CUST056
3336,EMP010,CUST028
3337,EMP290,CUST065
3338,EMP245,CUST004
3339,EMP066,CUST082
3340,EMP126,CUST063
3341,EMP047,CUST018
3342,EMP285,CUST019
3343,EMP190,CUST084
3344,EMP079,CUST072
3345,EMP066,CUST032
3346,EMP044,CUST099
3347,EMP008,CUST064
3348,EMP019,CUST040
3349,EMP143,CUST035
3350,EMP098,CUST058
3351,EMP021,CUST009
3352,EMP177,CUST082
3353,EMP219,CUST074
3354,EMP102,CUST077
3355,EMP054,CUST024
3356,EMP268,CUST036
3357,EMP106,CUST045
3358,EMP267,CUST095
3359,EMP273,CUST099
3360,EMP242,CUST079
3361,EMP212,CUST067
3362,EMP182,CUST062
3363,EMP050,CUST006
3364,EMP285,CUST026
3365,EMP103,CUST074
3366,EMP181,CUST051
3367,EMP297,CUST004
3368,EMP208,CUST038
3369,EMP179,CUST091
3370,EMP125,CUST083
3371,EMP268,CUST092
3372,EMP289,CUST052
3373,EMP279,CUST074
3374,EMP292,CUST083
3375,EMP013,CUST023
3376,EMP131,CUST079
3377,EMP252,CUST022
3378,EMP207,CUST061
3379,EMP053,CUST054
3380,EMP282,CUST022
3381,EMP050,CUST023
3382,EMP096,CUST024
3383,EMP037,CUST005
3384,EMP280,CUST079
3385,EMP252,CUST006
3386,EMP213,CUST044
3387,EMP087,CUST051
3388,EMP204,CUST089
3389,EMP006,CUST096
3390,EMP245,CUST039
3391,EMP125,CUST074
3392,EMP071,CUST033
3393,EMP189,CUST049
3394,EMP137,CUST006
3395,EMP043,CUST083
3396,EMP248,CUST010
3397,EMP162,CUST039
3398,EMP056,CUST099
3399,EMP148,CUST083
3400,EMP052,CUST015
3401,EMP161,CUST057
3402,EMP012,CUST043
3403,EMP043,CUST064
3404,EMP083,CUST042
3405,EMP169,CUST031
3406,EMP154,CUST087
3407,EMP071,CUST022
3408,EMP210,CUST055
3409,EMP025,CUST058
3410,EMP290,CUST059
3411,EMP279,CUST031
3412,EMP066,CUST047
3413,EMP003,CUST068
3414,EMP013,CUST039
3415,EMP127,CUST051
3416,EMP067,CUST008
3417,EMP152,CUST077
3418,EMP241,CUST002
3419,EMP223,CUST024
3420,EMP266,CUST011
3421,EMP161,CUST036
3422,EMP118,CUST002
3423,EMP184,CUST100
3424,EMP128,CUST070
3425,EMP055,CUST008
3426,EMP206,CUST041
3427,EMP129,CUST098
3428,EMP227,CUST090
3429,EMP067,CUST049
3430,EMP112,CUST016
3431,EMP212,CUST090
3432,EMP237,CUST013
3433,EMP039,CUST003
3434,EMP275,CUST081
3435,EMP083,CUST031
3436,EMP094,CUST018
3437,EMP153,CUST059
3438,EMP066,CUST094
3439,EMP167,CUST039
3440,EMP180,CUST084
3441,EMP218,CUST095
3442,EMP214,CUST018
3443,EMP164,CUST083
3444,EMP025,CUST098
3445,EMP023,CUST060
3446,EMP050,CUST096
3447,EMP013,CUST092
3448,EMP098,CUST031
3449,EMP251,CUST028
3450,EMP189,CUST087
3451,EMP172,CUST064
3452,EMP058,CUST095
3453,EMP155,CUST087
3454,EMP288,CUST062
3455,EMP134,CUST038
3456,EMP169,CUST043
3457,EMP090,CUST022
3458,EMP091,CUST093
3459,EMP098,CUST017
3460,EMP069,CUST053
3461,EMP199,CUST072
3462,EMP222,CUST013
3463,EMP078,CUST042
3464,EMP012,CUST077
3465,EMP159,CUST041
3466,EMP116,CUST042
3467,EMP281,CUST074
3468,EMP182,CUST008
3469,EMP168,CUST024
3470,EMP286,CUST028
3471,EMP077,CUST086
3472,EMP158,CUST074
3473,EMP253,CUST001
3474,EMP165,CUST011
3475,EMP055,CUST097
3476,EMP134,CUST036
3477,EMP199,CUST089
3478,EMP145,CUST038
3479,EMP288,CUST058
3480,EMP077,CUST020
3481,EMP188,CUST058
3482,EMP011,CUST087
3483,EMP296,CUST082
3484,EMP189,CUST006
3485,EMP273,CUST083
3486,EMP177,CUST049
3487,EMP028,CUST045
3488,EMP208,CUST078
3489,EMP183,CUST093
3490,EMP225,CUST013
3491,EMP160,CUST024
3492,EMP191,CUST096
3493,EMP053,CUST085
3494,EMP066,CUST003
3495,EMP168,CUST051
3496,EMP232,CUST006
3497,EMP155,CUST012
3498,EMP203,CUST087
3499,EMP045,CUST076
3500,EMP131,CUST100
3501,EMP295,CUST081
3502,EMP034,CUST039
3503,EMP257,CUST077
3504,EMP132,CUST088
3505,EMP220,CUST007
3506,EMP055,CUST038
3507,EMP215,CUST053
3508,EMP272,CUST031
3509,EMP066,CUST097
3510,EMP270,CUST069
3511,EMP041,CUST016
3512,EMP275,CUST058
3513,EMP233,CUST011
3514,EMP172,CUST010
3515,EMP001,CUST023
3516,EMP158,CUST088
3517,EMP079,CUST081
3518,EMP016,CUST067
3519,EMP047,CUST052
3520,EMP196,CUST049
3521,EMP019,CUST073
3522,EMP199,CUST079
3523,EMP142,CUST097
3524,EMP005,CUST100
3525,EMP125,CUST020
3526,EMP052,CUST072
3527,EMP275,CUST009
3528,EMP217,CUST097
3529,EMP065,CUST062
3530,EMP089,CUST029
3531,EMP020,CUST046
3532,EMP023,CUST002
3533,EMP070,CUST056
3534,EMP114,CUST079
3535,EMP098,CUST051
3536,EMP026,CUST024
3537,EMP023,CUST079
3538,EMP070,CUST086
3539,EMP286,CUST017
3540,EMP077,CUST054
3541,EMP074,CUST009
3542,EMP298,CUST011
3543,EMP135,CUST059
3544,EMP106,CUST008
3545,EMP041,CUST079
3546,EMP090,CUST032
3547,EMP025,CUST098
3548,EMP069,CUST051
3549,EMP176,CUST023
3550,EMP009,CUST016
3551,EMP264,CUST094
3552,EMP112,CUST097
3553,EMP016,CUST083
3554,EMP196,CUST040
3555,EMP192,CUST001
3556,EMP025,CUST007
3557,EMP169,CUST011
3558,EMP019,CUST031
3559,EMP114,CUST018
3560,EMP294,CUST052
3561,EMP099,CUST002
3562,EMP230,CUST056
3563,EMP170,CUST055
3564,EMP133,CUST055
3565,EMP029,CUST078
3566,EMP220,CUST003
3567,EMP204,CUST021
3568,EMP199,CUST085
3569,EMP046,CUST083
3570,EMP202,CUST061
3571,EMP281,CUST025
3572,EMP138,CUST069
3573,EMP280,CUST047
3574,EMP134,CUST096
3575,EMP017,CUST007
3576,EMP018,CUST012
3577,EMP125,CUST080
3578,EMP027,CUST073
3579,EMP209,CUST045
3580,EMP073,CUST057
3581,EMP191,CUST028
3582,EMP211,CUST034
3583,EMP116,CUST058
3584,EMP153,CUST063
3585,EMP252,CUST074
3586,EMP296,CUST031
3587,EMP070,CUST030
3588,EMP118,CUST049
3589,EMP107,CUST002
3590,EMP256,CUST060
3591,EMP152,CUST023
3592,EMP266,CUST093
3593,EMP134,CUST022
3594,EMP080,CUST038
3595,EMP157,CUST053
3596,EMP066,CUST072
3597,EMP100,CUST082
3598,EMP199,CUST070
3599,EMP086,CUST074
3600,EMP124,CUST051
3601,EMP295,CUST062
3602,EMP257,CUST018
3603,EMP008,CUST070
3604,EMP283,CUST042
3605,EMP252,CUST040
3606,EMP289,CUST012
3607,EMP009,CUST069
3608,EMP088,CUST071
3609,EMP161,CUST063
3610,EMP093,CUST032
3611,EMP144,CUST067
3612,EMP167,CUST070
3613,EMP264,CUST001
3614,EMP118,CUST019
3615,EMP167,CUST001
3616,EMP259,CUST075
3617,EMP271,CUST028
3618,EMP100,CUST022
3619,EMP204,CUST059
3620,EMP041,CUST057
3621,EMP260,CUST054
3622,EMP137,CUST098
3623,EMP127,CUST094
3624,EMP171,CUST005
3625,EMP119,CUST009
3626,EMP258,CUST088
3627,EMP293,CUST052
3628,EMP293,CUST095
3629,EMP196,CUST024
3630,EMP219,CUST060
3631,EMP113,CUST004
3632,EMP063,CUST054
3633,EMP263,CUST079
3634,EMP267,CUST025
3635,EMP227,CUST019
3636,EMP127,CUST012
3637,EMP234,CUST029
3638,EMP271,CUST072
3639,EMP282,CUST039
3640,EMP184,CUST096
3641,EMP116,CUST081
3642,EMP020,CUST026
3643,EMP044,CUST021
3644,EMP020,CUST037
3645,EMP018,CUST064
3646,EMP153,CUST021
3647,EMP289,CUST091
3648,EMP245,CUST038
3649,EMP236,CUST044
3650,EMP195,CUST097
3651,EMP063,CUST013
3652,EMP134,CUST049
3653,EMP149,CUST083
3654,EMP256,CUST048
3655,EMP250,CUST043
3656,EMP246,CUST079
3657,EMP295,CUST055
3658,EMP162,CUST058
3659,EMP191,CUST059
3660,EMP297,CUST072
3661,EMP087,CUST036
3662,EMP175,CUST045
3663,EMP130,CUST039
3664,EMP043,CUST034
3665,EMP131,CUST014
3666,EMP183,CUST080
3667,EMP134,CUST003
3668,EMP266,CUST058
3669,EMP212,CUST050
3670,EMP189,CUST011
3671,EMP072,CUST008
3672,EMP058,CUST037
3673,EMP110,CUST089
3674,EMP018,CUST069
3675,EMP103,CUST012
3676,EMP264,CUST049
3677,EMP123,CUST017
3678,EMP272,CUST021
3679,EMP234,CUST100
3680,EMP272,CUST051
3681,EMP284,CUST048
3682,EMP196,CUST071
3683,EMP175,CUST008
3684,EMP021,CUST010
3685,EMP226,CUST097
3686,EMP128,CUST004
3687,EMP055,CUST024
3688,EMP142,CUST077
3689,EMP222,CUST056
3690,EMP115,CUST020
3691,EMP101,CUST064
3692,EMP199,CUST050
3693,EMP084,CUST073
3694,EMP253,CUST071
3695,EMP268,CUST089
3696,EMP136,CUST069
3697,EMP067,CUST020
3698,EMP075,CUST002
3699,EMP222,CUST052
3700,EMP059,CUST047
3701,EMP104,CUST005
3702,EMP262,CUST074
3703,EMP132,CUST028
3704,EMP236,CUST018
3705,EMP100,CUST035
3706,EMP106,CUST011
3707,EMP083,CUST018
3708,EMP258,CUST066
3709,EMP252,CUST089
3710,EMP180,CUST080
3711,EMP154,CUST070
3712,EMP284,CUST045
3713,EMP216,CUST099
3714,EMP061,CUST016
3715,EMP130,CUST047
3716,EMP164,CUST029
3717,EMP085,CUST049
3718,EMP030,CUST052
3719,EMP120,CUST020
3720,EMP164,CUST009
3721,EMP029,CUST029
3722,EMP157,CUST078
3723,EMP037,CUST094
3724,EMP122,CUST003
3725,EMP221,CUST030
3726,EMP254,CUST067
3727,EMP187,CUST075
3728,EMP064,CUST078
3729,EMP018,CUST008
3730,EMP222,CUST006
3731,EMP181,CUST087
3732,EMP029,CUST032
3733,EMP292,CUST004
3734,EMP238,CUST018
3735,EMP109,CUST020
3736,EMP189,CUST072
3737,EMP136,CUST082
3738,EMP109,CUST074
3739,EMP093,CUST001
3740,EMP200,CUST097
3741,EMP291,CUST009
3742,EMP007,CUST086
3743,EMP271,CUST008
3744,EMP172,CUST051
3745,EMP267,CUST003
3746,EMP185,CUST060
3747,EMP239,CUST016
3748,EMP049,CUST051
3749,EMP100,CUST026
3750,EMP291,CUST060
3751,EMP196,CUST016
3752,EMP030,CUST002
3753,EMP084,CUST067
3754,EMP202,CUST051
3755,EMP039,CUST001
3756,EMP272,CUST085
3757,EMP135,CUST044
3758,EMP061,CUST037
3759,EMP264,CUST056
3760,EMP151,CUST044
3761,EMP265,CUST063
3762,EMP030,CUST002
3763,EMP162,CUST086
3764,EMP041,CUST046
3765,EMP113,CUST029
3766,EMP042,CUST006
3767,EMP287,CUST047
3768,EMP169,CUST014
3769,EMP008,CUST028
3770,EMP227,CUST044
3771,EMP196,CUST042
3772,EMP233,CUST083
3773,EMP216,CUST067
3774,EMP109,CUST092
3775,EMP080,CUST027
3776,EMP094,CUST004
3777,EMP171,CUST092
3778,EMP074,CUST063
3779,EMP109,CUST047
3780,EMP294,CUST079
3781,EMP097,CUST054
3782,EMP222,CUST021
3783,EMP034,CUST034
3784,EMP244,CUST089
3785,EMP025,CUST084
3786,EMP159,CUST070
3787,EMP140,CUST055
3788,EMP050,CUST040
3789,EMP019,CUST004
3790,EMP187,CUST004
3791,EMP190,CUST034
3792,EMP250,CUST058
3793,EMP111,CUST083
3794,EMP243,CUST011
3795,EMP234,CUST047
3796,EMP081,CUST006
3797,EMP244,CUST006
3798,EMP003,CUST088
3799,EMP094,CUST076
3800,EMP041,CUST075
3801,EMP171,CUST084
3802,EMP059,CUST037
3803,EMP163,CUST056
3804,EMP103,CUST038
3805,EMP104,CUST085
3806,EMP088,CUST040
3807,EMP153,CUST044
3808,EMP131,CUST048
3809,EMP260,CUST023
3810,EMP239,CUST022
3811,EMP062,CUST049
3812,EMP057,CUST009
3813,EMP044,CUST054
3814,EMP180,CUST027
3815,EMP121,CUST028
3816,EMP204,CUST047
3817,EMP268,CUST005
3818,EMP172,CUST004
3819,EMP054,CUST082
3820,EMP181,CUST063
3821,EMP222,CUST063
3822,EMP056,CUST060
3823,EMP143,CUST074
3824,EMP198,CUST054
3825,EMP300,CUST079
3826,EMP146,CUST097
3827,EMP263,CUST077
3828,EMP197,CUST014
3829,EMP265,CUST045
3830,EMP126,CUST001
3831,EMP033,CUST032
3832,EMP293,CUST007
3833,EMP085,CUST029
3834,EMP136,CUST013
3835,EMP063,CUST095
3836,EMP151,CUST060
3837,EMP235,CUST033
3838,EMP254,CUST051
3839,EMP100,CUST054
3840,EMP171,CUST092
3841,EMP240,CUST017
3842,EMP040,CUST086
3843,EMP087,CUST060
3844,EMP204,CUST043
3845,EMP103,CUST074
3846,EMP253,CUST026
3847,EMP289,CUST095
3848,EMP164,CUST016
3849,EMP226,CUST052
3850,EMP084,CUST002
3851,EMP024,CUST076
3852,EMP165,CUST060
3853,EMP124,CUST097
3854,EMP146,CUST092
3855,EMP246,CUST001
3856,EMP244,CUST046
3857,EMP273,CUST072
3858,EMP137,CUST069
3859,EMP125,CUST031
3860,EMP028,CUST051
3861,EMP152,CUST040
3862,EMP275,CUST052
3863,EMP227,CUST090
3864,EMP007,CUST031
3865,EMP230,CUST090
3866,EMP196,CUST035
3867,EMP029,CUST096
3868,EMP183,CUST048
3869,EMP103,CUST077
3870,EMP129,CUST063
3871,EMP010,CUST082
3872,EMP062,CUST093
3873,EMP104,CUST069
3874,EMP266,CUST066
3875,EMP238,CUST002
3876,EMP192,CUST094
3877,EMP219,CUST096
3878,EMP273,CUST027
3879,EMP099,CUST068
3880,EMP284,CUST061
3881,EMP067,CUST008
3882,EMP285,CUST094
3883,EMP139,CUST067
3884,EMP049,CUST090
3885,EMP091,CUST083
3886,EMP111,CUST100
3887,EMP294,CUST046
3888,EMP287,CUST055
3889,EMP213,CUST070
3890,EMP291,CUST063
3891,EMP201,CUST073
3892,EMP012,CUST066
3893,EMP152,CUST041
3894,EMP168,CUST034
3895,EMP182,CUST047
3896,EMP250,CUST070
3897,EMP279,CUST049
3898,EMP055,CUST013
3899,EMP094,CUST037
3900,EMP118,CUST062
3901,EMP141,CUST067
3902,EMP136,CUST096
3903,EMP126,CUST058
3904,EMP094,CUST100
3905,EMP237,CUST060
3906,EMP095,CUST006
3907,EMP143,CUST006
3908,EMP134,CUST019
3909,EMP093,CUST083
3910,EMP137,CUST042
3911,EMP226,CUST082
3912,EMP289,CUST058
3913,EMP285,CUST007
3914,EMP235,CUST089
3915,EMP152,CUST062
3916,EMP174,CUST052
3917,EMP263,CUST074
3918,EMP107,CUST026
3919,EMP256,CUST061
3920,EMP024,CUST075
3921,EMP093,CUST007
3922,EMP213,CUST079
3923,EMP284,CUST039
3924,EMP104,CUST019
3925,EMP036,CUST013
3926,EMP209,CUST041
3927,EMP096,CUST009
3928,EMP040,CUST051
3929,EMP119,CUST096
3930,EMP132,CUST005
3931,EMP274,CUST075
3932,EMP083,CUST057
3933,EMP245,CUST011
3934,EMP094,CUST078
3935,EMP056,CUST046
3936,EMP267,CUST013
3937,EMP248,CUST099
3938,EMP240,CUST035
3939,EMP273,CUST069
3940,EMP085,CUST064
3941,EMP113,CUST009
3942,EMP131,CUST095
3943,EMP215,CUST009
3944,EMP224,CUST052
3945,EMP277,CUST087
3946,EMP127,CUST068
3947,EMP295,CUST040
3948,EMP241,CUST082
3949,EMP072,CUST012
3950,EMP220,CUST097
3951,EMP224,CUST015
3952,EMP047,CUST097
3953,EMP289,CUST039
3954,EMP158,CUST032
3955,EMP091,CUST042
3956,EMP173,CUST090
3957,EMP211,CUST073
3958,EMP232,CUST011
3959,EMP066,CUST067
3960,EMP182,CUST021
3961,EMP166,CUST063
3962,EMP043,CUST063
3963,EMP244,CUST019
3964,EMP062,CUST014
3965,EMP144,CUST018
3966,EMP041,CUST092
3967,EMP032,CUST057
3968,EMP200,CUST074
3969,EMP206,CUST066
3970,EMP177,CUST029
3971,EMP119,CUST047
3972,EMP230,CUST020
3973,EMP234,CUST094
3974,EMP038,CUST049
3975,EMP137,CUST091
3976,EMP082,CUST072
3977,EMP196,CUST092
3978,EMP028,CUST045
3979,EMP061,CUST092
3980,EMP213,CUST016
3981,EMP196,CUST061
3982,EMP042,CUST099
3983,EMP199,CUST049
3984,EMP087,CUST043
3985,EMP066,CUST090
3986,EMP209,CUST046
3987,EMP002,CUST096
3988,EMP236,CUST044
3989,EMP167,CUST079
3990,EMP075,CUST052
3991,EMP300,CUST073
3992,EMP101,CUST025
3993,EMP054,CUST017
3994,EMP059,CUST073
3995,EMP250,CUST018
3996,EMP236,CUST095
3997,EMP205,CUST055
3998,EMP234,CUST049
3999,EMP133,CUST011
4000,EMP055,CUST088
4001,EMP087,CUST074
4002,EMP260,CUST037
4003,EMP218,CUST024
4004,EMP195,CUST053
4005,EMP215,CUST061
4006,EMP050,CUST060
4007,EMP040,CUST051
4008,EMP256,CUST082
4009,EMP299,CUST081
4010,EMP088,CUST030
4011,EMP292,CUST094
4012,EMP046,CUST090
4013,EMP174,CUST034
4014,EMP094,CUST094
4015,EMP137,CUST075
4016,EMP177,CUST054
4017,EMP113,CUST041
4018,EMP229,CUST020
4019,EMP144,CUST021
4020,EMP273,CUST077
4021,EMP206,CUST042
4022,EMP250,CUST082
4023,EMP190,CUST036
4024,EMP152,CUST054
4025,EMP157,CUST028
4026,EMP052,CUST012
4027,EMP206,CUST099
4028,EMP080,CUST018
4029,EMP236,CUST057
4030,EMP297,CUST016
4031,EMP243,CUST053
4032,EMP253,CUST064
4033,EMP251,CUST002
4034,EMP082,CUST015
4035,EMP179,CUST080
4036,EMP209,CUST053
4037,EMP299,CUST021
4038,EMP166,CUST043
4039,EMP214,CUST072
4040,EMP076,CUST052
4041,EMP203,CUST085
4042,EMP004,CUST093
4043,EMP190,CUST071
4044,EMP125,CUST057
4045,EMP044,CUST025
4046,EMP147,CUST003
4047,EMP195,CUST001
4048,EMP101,CUST092
4049,EMP140,CUST080
4050,EMP065,CUST076
4051,EMP085,CUST001
4052,EMP031,CUST087
4053,EMP010,CUST034
4054,EMP102,CUST025
4055,EMP195,CUST032
4056,EMP276,CUST066
4057,EMP115,CUST028
4058,EMP173,CUST024
4059,EMP100,CUST055
4060,EMP232,CUST050
4061,EMP145,CUST010
4062,EMP194,CUST099
4063,EMP161,CUST058
4064,EMP215,CUST093
4065,EMP032,CUST029
4066,EMP292,CUST041
4067,EMP018,CUST063
4068,EMP232,CUST061
4069,EMP300,CUST093
4070,EMP255,CUST020
4071,EMP246,CUST088
4072,EMP102,CUST051
4073,EMP043,CUST032
4074,EMP016,CUST093
4075,EMP129,CUST058
4076,EMP052,CUST037
4077,EMP142,CUST023
4078,EMP210,CUST027
4079,EMP190,CUST031
4080,EMP174,CUST056
4081,EMP247,CUST042
4082,EMP164,CUST097
4083,EMP128,CUST015
4084,EMP078,CUST084
4085,EMP259,CUST032
4086,EMP159,CUST037
4087,EMP089,CUST013
4088,EMP076,CUST067
4089,EMP170,CUST088
4090,EMP115,CUST072
4091,EMP175,CUST051
4092,EMP114,CUST026
4093,EMP223,CUST070
4094,EMP291,CUST026
4095,EMP285,CUST029
4096,EMP080,CUST064
4097,EMP273,CUST031
4098,EMP089,CUST060
4099,EMP246,CUST027
4100,EMP112,CUST009
4101,EMP079,CUST003
4102,EMP074,CUST091
4103,EMP108,CUST005
4104,EMP138,CUST030
4105,EMP222,CUST043
4106,EMP260,CUST001
4107,EMP113,CUST005
4108,EMP109,CUST099
4109,EMP268,CUST026
4110,EMP106,CUST085
4111,EMP275,CUST098
4112,EMP207,CUST073
4113,EMP102,CUST049
4114,EMP034,CUST082
4115,EMP238,CUST034
4116,EMP081,CUST091
4117,EMP261,CUST030
4118,EMP237,CUST080
4119,EMP288,CUST002
4120,EMP121,CUST030
4121,EMP144,CUST019
4122,EMP183,CUST098
4123,EMP117,CUST071
4124,EMP195,CUST012
4125,EMP051,CUST075
4126,EMP266,CUST002
4127,EMP259,CUST008
4128,EMP142,CUST066
4129,EMP158,CUST095
4130,EMP284,CUST083
4131,EMP157,CUST016
4132,EMP141,CUST068
4133,EMP135,CUST012
4134,EMP231,CUST100
4135,EMP273,CUST017
4136,EMP140,CUST076
4137,EMP265,CUST041
4138,EMP206,CUST077
4139,EMP143,CUST087
4140,EMP169,CUST050
4141,EMP287,CUST085
4142,EMP165,CUST009
4143,EMP100,CUST087
4144,EMP174,CUST053
4145,EMP172,CUST058
4146,EMP267,CUST009
4147,EMP040,CUST026
4148,EMP160,CUST089
4149,EMP185,CUST090
4150,EMP182,CUST045
4151,EMP237,CUST085
4152,EMP227,CUST057
4153,EMP022,CUST089
4154,EMP247,CUST073
4155,EMP215,CUST070
4156,EMP018,CUST026
4157,EMP126,CUST087
4158,EMP004,CUST096
4159,EMP240,CUST022
4160,EMP185,CUST027
4161,EMP058,CUST037
4162,EMP019,CUST096
4163,EMP046,CUST023
4164,EMP274,CUST060
4165,EMP045,CUST041
4166,EMP079,CUST023
4167,EMP022,CUST041
4168,EMP058,CUST013
4169,EMP132,CUST085
4170,EMP048,CUST008
4171,EMP032,CUST095
4172,EMP220,CUST028
4173,EMP158,CUST016
4174,EMP116,CUST015
4175,EMP105,CUST077
4176,EMP077,CUST100
4177,EMP259,CUST014
4178,EMP087,CUST020
4179,EMP006,CUST087
4180,EMP025,CUST090
4181,EMP116,CUST068
4182,EMP291,CUST041
4183,EMP003,CUST006
4184,EMP124,CUST092
4185,EMP231,CUST013
4186,EMP117,CUST018
4187,EMP010,CUST069
4188,EMP282,CUST082
4189,EMP063,CUST061
4190,EMP255,CUST068
4191,EMP019,CUST015
4192,EMP036,CUST010
4193,EMP261,CUST088
4194,EMP179,CUST006
4195,EMP281,CUST008
4196,EMP085,CUST064
4197,EMP236,CUST004
4198,EMP184,CUST045
4199,EMP100,CUST059
4200,EMP150,CUST018
4201,EMP066,CUST067
4202,EMP171,CUST058
4203,EMP237,CUST082
4204,EMP239,CUST069
4205,EMP038,CUST067
4206,EMP122,CUST071
4207,EMP047,CUST036
4208,EMP181,CUST023
4209,EMP290,CUST069
4210,EMP243,CUST053
4211,EMP169,CUST044
4212,EMP290,CUST086
4213,EMP145,CUST034
4214,EMP017,CUST049
4215,EMP006,CUST061
4216,EMP126,CUST017
4217,EMP047,CUST074
4218,EMP162,CUST012
4219,EMP098,CUST029
4220,EMP185,CUST014
4221,EMP008,CUST069
4222,EMP218,CUST006
4223,EMP018,CUST064
4224,EMP044,CUST001
4225,EMP057,CUST052
4226,EMP269,CUST073
4227,EMP217,CUST093
4228,EMP216,CUST093
4229,EMP233,CUST038
4230,EMP154,CUST027
4231,EMP047,CUST049
4232,EMP138,CUST078
4233,EMP223,CUST029
4234,EMP131,CUST010
4235,EMP141,CUST099
4236,EMP216,CUST028
4237,EMP248,CUST080
4238,EMP186,CUST019
4239,EMP095,CUST007
4240,EMP015,CUST051
4241,EMP281,CUST068
4242,EMP126,CUST078
4243,EMP208,CUST085
4244,EMP032,CUST081
4245,EMP100,CUST046
4246,EMP125,CUST099
4247,EMP249,CUST046
4248,EMP116,CUST009
4249,EMP041,CUST096
4250,EMP215,CUST096
4251,EMP122,CUST074
4252,EMP115,CUST048
4253,EMP038,CUST001
4254,EMP138,CUST046
4255,EMP166,CUST070
4256,EMP046,CUST083
4257,EMP123,CUST056
4258,EMP068,CUST064
4259,EMP254,CUST095
4260,EMP131,CUST008
4261,EMP047,CUST054
4262,EMP250,CUST069
4263,EMP035,CUST026
4264,EMP261,CUST082
4265,EMP218,CUST020
4266,EMP125,CUST069
4267,EMP059,CUST009
4268,EMP207,CUST064
4269,EMP180,CUST081
4270,EMP162,CUST095
4271,EMP158,CUST097
4272,EMP287,CUST036
4273,EMP277,CUST096
4274,EMP223,CUST039
4275,EMP225,CUST040
4276,EMP140,CUST072
4277,EMP252,CUST063
4278,EMP070,CUST084
4279,EMP268,CUST013
4280,EMP068,CUST075
4281,EMP225,CUST002
4282,EMP019,CUST021
4283,EMP180,CUST088
4284,EMP141,CUST076
4285,EMP177,CUST089
4286,EMP205,CUST099
4287,EMP169,CUST065
4288,EMP106,CUST065
4289,EMP111,CUST057
4290,EMP024,CUST061
4291,EMP064,CUST010
4292,EMP124,CUST057
4293,EMP020,CUST016
4294,EMP275,CUST068
4295,EMP211,CUST099
4296,EMP110,CUST054
4297,EMP229,CUST011
4298,EMP153,CUST024
4299,EMP275,CUST017
4300,EMP140,CUST084
4301,EMP124,CUST020
4302,EMP149,CUST051
4303,EMP251,CUST037
4304,EMP004,CUST033
4305,EMP261,CUST019
4306,EMP128,CUST014
4307,EMP166,CUST077
4308,EMP142,CUST082
4309,EMP167,CUST041
4310,EMP232,CUST072
4311,EMP182,CUST037
4312,EMP130,CUST085
4313,EMP152,CUST060
4314,EMP208,CUST096
4315,EMP002,CUST005
4316,EMP221,CUST021
4317,EMP199,CUST093
4318,EMP162,CUST100
4319,EMP261,CUST087
4320,EMP022,CUST089
4321,EMP228,CUST011
4322,EMP227,CUST051
4323,EMP041,CUST012
4324,EMP299,CUST057
4325,EMP275,CUST034
4326,EMP238,CUST090
4327,EMP043,CUST007
4328,EMP020,CUST011
4329,EMP022,CUST062
4330,EMP284,CUST081
4331,EMP054,CUST085
4332,EMP032,CUST094
4333,EMP150,CUST005
4334,EMP177,CUST017
4335,EMP144,CUST066
4336,EMP150,CUST020
4337,EMP113,CUST067
4338,EMP223,CUST046
4339,EMP056,CUST014
4340,EMP137,CUST090
4341,EMP211,CUST020
4342,EMP048,CUST028
4343,EMP012,CUST027
4344,EMP091,CUST039
4345,EMP204,CUST055
4346,EMP176,CUST063
4347,EMP231,CUST085
4348,EMP163,CUST098
4349,EMP142,CUST066
4350,EMP095,CUST070
4351,EMP143,CUST086
4352,EMP221,CUST058
4353,EMP257,CUST009
4354,EMP159,CUST020
4355,EMP250,CUST029
4356,EMP184,CUST035
4357,EMP137,CUST087
4358,EMP111,CUST080
4359,EMP278,CUST047
4360,EMP112,CUST011
4361,EMP054,CUST075
4362,EMP162,CUST012
4363,EMP019,CUST051
4364,EMP210,CUST074
4365,EMP077,CUST082
4366,EMP196,CUST068
4367,EMP163,CUST001
4368,EMP123,CUST079
4369,EMP288,CUST059
4370,EMP062,CUST092
4371,EMP297,CUST089
4372,EMP162,CUST038
4373,EMP058,CUST005
4374,EMP041,CUST007
4375,EMP218,CUST053
4376,EMP106,CUST095
4377,EMP138,CUST054
4378,EMP020,CUST061
4379,EMP230,CUST028
4380,EMP258,CUST024
4381,EMP174,CUST024
4382,EMP049,CUST065
4383,EMP076,CUST006
4384,EMP120,CUST056
4385,EMP045,CUST037
4386,EMP108,CUST019
4387,EMP296,CUST060
4388,EMP241,CUST094
4389,EMP091,CUST008
4390,EMP219,CUST015
4391,EMP174,CUST026
4392,EMP007,CUST023
4393,EMP235,CUST085
4394,EMP072,CUST019
4395,EMP194,CUST035
4396,EMP292,CUST088
4397,EMP160,CUST004
4398,EMP260,CUST091
4399,EMP280,CUST099
4400,EMP230,CUST094
4401,EMP285,CUST002
4402,EMP041,CUST065
4403,EMP242,CUST025
4404,EMP282,CUST036
4405,EMP206,CUST047
4406,EMP293,CUST021
4407,EMP022,CUST061
4408,EMP218,CUST098
4409,EMP027,CUST059
4410,EMP022,CUST041
4411,EMP286,CUST019
4412,EMP268,CUST088
4413,EMP193,CUST097
4414,EMP245,CUST050
4415,EMP218,CUST065
4416,EMP128,CUST058
4417,EMP175,CUST030
4418,EMP080,CUST089
4419,EMP295,CUST091
4420,EMP216,CUST051
4421,EMP275,CUST029
4422,EMP102,CUST085
4423,EMP235,CUST038
4424,EMP164,CUST063
4425,EMP165,CUST043
4426,EMP008,CUST038
4427,EMP123,CUST040
4428,EMP221,CUST056
4429,EMP299,CUST047
4430,EMP201,CUST020
4431,EMP173,CUST005
4432,EMP251,CUST085
4433,EMP169,CUST068
4434,EMP280,CUST069
4435,EMP154,CUST022
4436,EMP037,CUST088
4437,EMP290,CUST090
4438,EMP252,CUST040
4439,EMP064,CUST097
4440,EMP017,CUST083
4441,EMP119,CUST029
4442,EMP197,CUST014
4443,EMP193,CUST090
4444,EMP026,CUST040
4445,EMP050,CUST013
4446,EMP121,CUST093
4447,EMP032,CUST007
4448,EMP232,CUST088
4449,EMP264,CUST045
4450,EMP132,CUST059
4451,EMP032,CUST014
4452,EMP295,CUST092
4453,EMP094,CUST049
4454,EMP194,CUST086
4455,EMP038,CUST085
4456,EMP200,CUST002
4457,EMP002,CUST081
4458,EMP186,CUST098
4459,EMP050,CUST098
4460,EMP235,CUST064
4461,EMP081,CUST093
4462,EMP014,CUST033
4463,EMP298,CUST035
4464,EMP197,CUST057
4465,EMP025,CUST012
4466,EMP092,CUST003
4467,EMP111,CUST030
4468,EMP135,CUST006
4469,EMP169,CUST046
4470,EMP026,CUST087
4471,EMP048,CUST013
4472,EMP048,CUST028
4473,EMP121,CUST041
4474,EMP028,CUST066
4475,EMP245,CUST019
4476,EMP173,CUST026
4477,EMP032,CUST053
4478,EMP040,CUST064
4479,EMP289,CUST060
4480,EMP015,CUST030
4481,EMP017,CUST078
4482,EMP178,CUST038
4483,EMP091,CUST095
4484,EMP266,CUST069
4485,EMP252,CUST071
4486,EMP145,CUST015
4487,EMP191,CUST076
4488,EMP067,CUST043
4489,EMP021,CUST026
4490,EMP045,CUST058
4491,EMP070,CUST037
4492,EMP157,CUST031
4493,EMP261,CUST064
4494,EMP161,CUST033
4495,EMP106,CUST002
4496,EMP233,CUST050
4497,EMP064,CUST065
4498,EMP123,CUST037
4499,EMP083,CUST018
4500,EMP213,CUST080
4501,EMP025,CUST060
4502,EMP122,CUST040
4503,EMP151,CUST028
4504,EMP193,CUST010
4505,EMP186,CUST052
4506,EMP238,CUST076
4507,EMP151,CUST049
4508,EMP069,CUST051
4509,EMP135,CUST019
4510,EMP261,CUST096
4511,EMP262,CUST097
4512,EMP170,CUST072
4513,EMP018,CUST001
4514,EMP265,CUST089
4515,EMP028,CUST056
4516,EMP005,CUST006
4517,EMP192,CUST061
4518,EMP184,CUST059
4519,EMP095,CUST036
4520,EMP168,CUST065
4521,EMP209,CUST048
4522,EMP020,CUST092
4523,EMP296,CUST081
4524,EMP056,CUST067
4525,EMP256,CUST095
4526,EMP168,CUST012
4527,EMP196,CUST034
4528,EMP253,CUST048
4529,EMP064,CUST011
4530,EMP158,CUST084
4531,EMP248,CUST053
4532,EMP138,CUST069
4533,EMP100,CUST065
4534,EMP006,CUST055
4535,EMP172,CUST043
4536,EMP268,CUST079
4537,EMP081,CUST026
4538,EMP144,CUST020
4539,EMP224,CUST051
4540,EMP152,CUST061
4541,EMP161,CUST083
4542,EMP215,CUST093
4543,EMP253,CUST068
4544,EMP286,CUST094
4545,EMP160,CUST005
4546,EMP233,CUST090
4547,EMP076,CUST052
4548,EMP271,CUST056
4549,EMP286,CUST087
4550,EMP216,CUST027
4551,EMP164,CUST035
4552,EMP180,CUST026
4553,EMP281,CUST055
4554,EMP119,CUST094
4555,EMP117,CUST100
4556,EMP078,CUST002
4557,EMP114,CUST035
4558,EMP016,CUST026
4559,EMP287,CUST006
4560,EMP042,CUST005
4561,EMP196,CUST012
4562,EMP214,CUST036
4563,EMP239,CUST001
4564,EMP241,CUST048
4565,EMP293,CUST019
4566,EMP186,CUST011
4567,EMP145,CUST053
4568,EMP169,CUST023
4569,EMP222,CUST001
4570,EMP214,CUST030
4571,EMP003,CUST068
4572,EMP022,CUST023
4573,EMP230,CUST070
4574,EMP058,CUST055
4575,EMP228,CUST001
4576,EMP080,CUST023
4577,EMP049,CUST074
4578,EMP034,CUST019
4579,EMP232,CUST006
4580,EMP039,CUST060
4581,EMP010,CUST057
4582,EMP012,CUST041
4583,EMP237,CUST099
4584,EMP283,CUST076
4585,EMP153,CUST011
4586,EMP116,CUST060
4587,EMP221,CUST046
4588,EMP104,CUST057
4589,EMP023,CUST040
4590,EMP093,CUST054
4591,EMP294,CUST055
4592,EMP159,CUST012
4593,EMP064,CUST001
4594,EMP242,CUST089
4595,EMP142,CUST001
4596,EMP121,CUST013
4597,EMP093,CUST036
4598,EMP224,CUST063
4599,EMP128,CUST025
4600,EMP061,CUST026
4601,EMP053,CUST057
4602,EMP238,CUST048
4603,EMP240,CUST042
4604,EMP021,CUST029
4605,EMP206,CUST090
4606,EMP026,CUST079
4607,EMP206,CUST056
4608,EMP186,CUST008
4609,EMP061,CUST004
4610,EMP262,CUST039
4611,EMP289,CUST053
4612,EMP221,CUST042
4613,EMP210,CUST050
4614,EMP019,CUST092
4615,EMP176,CUST092
4616,EMP048,CUST043
4617,EMP104,CUST066
4618,EMP167,CUST058
4619,EMP029,CUST054
4620,EMP186,CUST011
4621,EMP249,CUST067
4622,EMP156,CUST090
4623,EMP234,CUST062
4624,EMP276,CUST088
4625,EMP220,CUST089
4626,EMP284,CUST067
4627,EMP015,CUST056
4628,EMP278,CUST019
4629,EMP171,CUST055
4630,EMP251,CUST085
4631,EMP147,CUST021
4632,EMP177,CUST086
4633,EMP138,CUST085
4634,EMP152,CUST015
4635,EMP269,CUST012
4636,EMP267,CUST025
4637,EMP284,CUST052
4638,EMP268,CUST056
4639,EMP041,CUST006
4640,EMP238,CUST088
4641,EMP079,CUST089
4642,EMP056,CUST033
4643,EMP245,CUST086
4644,EMP208,CUST014
4645,EMP239,CUST066
4646,EMP286,CUST026
4647,EMP023,CUST078
4648,EMP217,CUST006
4649,EMP296,CUST072
4650,EMP100,CUST073
4651,EMP102,CUST017
4652,EMP208,CUST060
4653,EMP228,CUST073
4654,EMP214,CUST045
4655,EMP019,CUST018
4656,EMP208,CUST095
4657,EMP017,CUST014
4658,EMP279,CUST091
4659,EMP104,CUST025
4660,EMP094,CUST087
4661,EMP166,CUST082
4662,EMP017,CUST027
4663,EMP201,CUST058
4664,EMP299,CUST011
4665,EMP278,CUST097
4666,EMP263,CUST028
4667,EMP163,CUST090
4668,EMP187,CUST082
4669,EMP209,CUST038
4670,EMP274,CUST099
4671,EMP114,CUST067
4672,EMP215,CUST047
4673,EMP204,CUST075
4674,EMP101,CUST059
4675,EMP147,CUST051
4676,EMP269,CUST043
4677,EMP028,CUST060
4678,EMP171,CUST079
4679,EMP169,CUST017
4680,EMP230,CUST093
4681,EMP243,CUST041
4682,EMP264,CUST026
4683,EMP250,CUST049
4684,EMP046,CUST057
4685,EMP134,CUST001
4686,EMP124,CUST046
4687,EMP157,CUST023
4688,EMP200,CUST015
4689,EMP175,CUST056
4690,EMP022,CUST053
4691,EMP058,CUST033
4692,EMP015,CUST079
4693,EMP049,CUST061
4694,EMP047,CUST036
4695,EMP296,CUST064
4696,EMP061,CUST028
4697,EMP125,CUST053
4698,EMP269,CUST025
4699,EMP249,CUST048
4700,EMP063,CUST063
4701,EMP025,CUST029
4702,EMP111,CUST001
4703,EMP035,CUST071
4704,EMP282,CUST018
4705,EMP195,CUST013
4706,EMP280,CUST099
4707,EMP029,CUST080
4708,EMP291,CUST014
4709,EMP292,CUST012
4710,EMP056,CUST014
4711,EMP082,CUST038
4712,EMP296,CUST043
4713,EMP136,CUST010
4714,EMP036,CUST084
4715,EMP246,CUST073
4716,EMP054,CUST071
4717,EMP262,CUST035
4718,EMP144,CUST094
4719,EMP010,CUST012
4720,EMP129,CUST024
4721,EMP026,CUST063
4722,EMP050,CUST097
4723,EMP056,CUST009
4724,EMP140,CUST100
4725,EMP086,CUST032
4726,EMP252,CUST052
4727,EMP136,CUST092
4728,EMP070,CUST031
4729,EMP039,CUST071
4730,EMP040,CUST040
4731,EMP200,CUST063
4732,EMP089,CUST075
4733,EMP268,CUST016
4734,EMP087,CUST082
4735,EMP291,CUST076
4736,EMP264,CUST073
4737,EMP220,CUST039
4738,EMP116,CUST054
4739,EMP188,CUST026
4740,EMP213,CUST066
4741,EMP255,CUST089
4742,EMP077,CUST085
4743,EMP024,CUST006
4744,EMP116,CUST040
4745,EMP093,CUST085
4746,EMP008,CUST074
4747,EMP138,CUST007
4748,EMP288,CUST083
4749,EMP185,CUST032
4750,EMP133,CUST007
4751,EMP108,CUST088
4752,EMP131,CUST002
4753,EMP039,CUST069
4754,EMP008,CUST035
4755,EMP266,CUST004
4756,EMP113,CUST003
4757,EMP202,CUST016
4758,EMP131,CUST074
4759,EMP002,CUST012
4760,EMP044,CUST002
4761,EMP195,CUST053
4762,EMP148,CUST060
4763,EMP296,CUST055
4764,EMP150,CUST031
4765,EMP183,CUST030
4766,EMP001,CUST060
4767,EMP275,CUST069
4768,EMP158,CUST019
4769,EMP285,CUST071
4770,EMP299,CUST006
4771,EMP175,CUST080
4772,EMP074,CUST003
4773,EMP044,CUST002
4774,EMP242,CUST043
4775,EMP024,CUST055
4776,EMP282,CUST049
4777,EMP285,CUST075
4778,EMP076,CUST044
4779,EMP105,CUST047
4780,EMP199,CUST048
4781,EMP012,CUST064
4782,EMP111,CUST021
4783,EMP181,CUST002
4784,EMP152,CUST070
4785,EMP232,CUST091
4786,EMP188,CUST010
4787,EMP224,CUST036
4788,EMP234,CUST058
4789,EMP289,CUST064
4790,EMP260,CUST038
4791,EMP131,CUST091
4792,EMP059,CUST032
4793,EMP243,CUST051
4794,EMP273,CUST096
4795,EMP056,CUST096
4796,EMP002,CUST048
4797,EMP249,CUST057
4798,EMP260,CUST030
4799,EMP059,CUST040
4800,EMP097,CUST095
4801,EMP286,CUST089
4802,EMP155,CUST085
4803,EMP118,CUST069
4804,EMP227,CUST004
4805,EMP148,CUST073
4806,EMP201,CUST056
4807,EMP279,CUST006
4808,EMP022,CUST097
4809,EMP065,CUST064
4810,EMP010,CUST045
4811,EMP145,CUST005
4812,EMP214,CUST090
4813,EMP040,CUST044
4814,EMP198,CUST072
4815,EMP176,CUST063
4816,EMP123,CUST072
4817,EMP179,CUST058
4818,EMP123,CUST091
4819,EMP171,CUST017
4820,EMP275,CUST020
4821,EMP071,CUST010
4822,EMP207,CUST037
4823,EMP196,CUST051
4824,EMP282,CUST082
4825,EMP173,CUST089
4826,EMP252,CUST093
4827,EMP155,CUST010
4828,EMP098,CUST021
4829,EMP099,CUST059
4830,EMP284,CUST008
4831,EMP206,CUST021
4832,EMP028,CUST045
4833,EMP209,CUST021
4834,EMP198,CUST080
4835,EMP095,CUST061
4836,EMP127,CUST014
4837,EMP146,CUST100
4838,EMP259,CUST072
4839,EMP257,CUST046
4840,EMP138,CUST097
4841,EMP145,CUST092
4842,EMP045,CUST004
4843,EMP243,CUST019
4844,EMP004,CUST044
4845,EMP230,CUST060
4846,EMP081,CUST097
4847,EMP087,CUST068
4848,EMP122,CUST023
4849,EMP216,CUST038
4850,EMP034,CUST091
4851,EMP035,CUST085
4852,EMP127,CUST022
4853,EMP014,CUST095
4854,EMP039,CUST071
4855,EMP114,CUST007
4856,EMP059,CUST054
4857,EMP128,CUST006
4858,EMP131,CUST049
4859,EMP052,CUST067
4860,EMP203,CUST016
4861,EMP265,CUST018
4862,EMP017,CUST089
4863,EMP051,CUST065
4864,EMP012,CUST078
4865,EMP026,CUST023
4866,EMP103,CUST052
4867,EMP280,CUST050
4868,EMP279,CUST059
4869,EMP136,CUST044
4870,EMP072,CUST019
4871,EMP012,CUST064
4872,EMP122,CUST055
4873,EMP296,CUST080
4874,EMP163,CUST027
4875,EMP177,CUST023
4876,EMP250,CUST065
4877,EMP084,CUST035
4878,EMP160,CUST069
4879,EMP064,CUST082
4880,EMP280,CUST068
4881,EMP140,CUST032
4882,EMP046,CUST095
4883,EMP197,CUST028
4884,EMP004,CUST014
4885,EMP219,CUST085
4886,EMP072,CUST051
4887,EMP129,CUST017
4888,EMP145,CUST033
4889,EMP147,CUST027
4890,EMP293,CUST083
4891,EMP101,CUST091
4892,EMP138,CUST085
4893,EMP028,CUST041
4894,EMP194,CUST040
4895,EMP243,CUST064
4896,EMP153,CUST074
4897,EMP109,CUST036
4898,EMP030,CUST025
4899,EMP070,CUST057
4900,EMP079,CUST045
4901,EMP229,CUST063
4902,EMP298,CUST076
4903,EMP137,CUST057
4904,EMP239,CUST081
4905,EMP029,CUST084
4906,EMP062,CUST036
4907,EMP208,CUST086
4908,EMP026,CUST015
4909,EMP204,CUST083
4910,EMP276,CUST097
4911,EMP200,CUST010
4912,EMP053,CUST053
4913,EMP149,CUST068
4914,EMP052,CUST083
4915,EMP194,CUST012
4916,EMP281,CUST042
4917,EMP235,CUST016
4918,EMP138,CUST054
4919,EMP233,CUST010
4920,EMP143,CUST027
4921,EMP231,CUST078
4922,EMP271,CUST090
4923,EMP084,CUST098
4924,EMP021,CUST053
4925,EMP083,CUST004
4926,EMP240,CUST084
4927,EMP183,CUST037
4928,EMP155,CUST093
4929,EMP239,CUST093
4930,EMP104,CUST030
4931,EMP061,CUST007
4932,EMP123,CUST021
4933,EMP132,CUST015
4934,EMP107,CUST046
4935,EMP148,CUST003
4936,EMP188,CUST055
4937,EMP057,CUST097
4938,EMP245,CUST010
4939,EMP154,CUST047
4940,EMP287,CUST008
4941,EMP038,CUST017
4942,EMP094,CUST051
4943,EMP144,CUST079
4944,EMP193,CUST041
4945,EMP066,CUST019
4946,EMP279,CUST042
4947,EMP245,CUST018
4948,EMP125,CUST088
4949,EMP111,CUST041
4950,EMP056,CUST033
4951,EMP069,CUST081
4952,EMP167,CUST041
4953,EMP230,CUST072
4954,EMP169,CUST100
4955,EMP161,CUST067
4956,EMP152,CUST056
4957,EMP234,CUST077
4958,EMP040,CUST032
4959,EMP040,CUST083
4960,EMP197,CUST039
4961,EMP059,CUST054
4962,EMP272,CUST052
4963,EMP211,CUST088
4964,EMP264,CUST048
4965,EMP008,CUST030
4966,EMP020,CUST069
4967,EMP198,CUST026
4968,EMP154,CUST005
4969,EMP254,CUST082
4970,EMP106,CUST045
4971,EMP073,CUST054
4972,EMP059,CUST010
4973,EMP106,CUST034
4974,EMP051,CUST071
4975,EMP261,CUST095
4976,EMP143,CUST013
4977,EMP060,CUST038
4978,EMP116,CUST077
4979,EMP015,CUST053
4980,EMP101,CUST096
4981,EMP297,CUST018
4982,EMP176,CUST090
4983,EMP099,CUST098
4984,EMP157,CUST006
4985,EMP088,CUST014
4986,EMP021,CUST062
4987,EMP032,CUST040
4988,EMP191,CUST016
4989,EMP289,CUST096
4990,EMP102,CUST037
4991,EMP087,CUST003
4992,EMP045,CUST069
4993,EMP234,CUST055
4994,EMP046,CUST061
4995,EMP242,CUST016
4996,EMP062,CUST035
4997,EMP189,CUST071
4998,EMP237,CUST040
4999,EMP119,CUST088
